{
  "skins": [
    {
      "localization_name": "SKIN1",
      "geometry": "geometry.humanoid.custom",
      "texture": "SKIN1.png",
      "type": "free"
    },
    {
      "localization_name": "SKIN2",
      "geometry": "geometry.humanoid.customSlim",
      "texture": "SKIN2.png",
      "type": "free"
    },
    {
      "localization_name": "SKIN3",
      "geometry": "geometry.humanoid.customSlim",
      "texture": "SKIN3.png",
      "type": "free"
    },
    {
      "localization_name": "SKIN4",
      "geometry": "geometry.humanoid.custom",
      "texture": "SKIN4.png",
      "type": "free"
    }
  ],
  "serialize_name": "Template",
  "localization_name": "Template"
}
//make sure to keep , in between 'sets of {}