{
	"credit": "Made with Blockbench",
	"parent": "block/cube_all",
	"textures": {
		"1": "blocks/planks_acacia",
		"all": "blocks/planks_acacia",
		"particle": "blocks/planks_acacia"
	},
	"elements": [
		{
			"from": [0, 0, 0],
			"to": [16, 16, 16],
			"faces": {
				"north": {"uv": [0, 0, 16, 16], "texture": "#all", "cullface": "east"},
				"east": {"uv": [0, 0, 16, 16], "texture": "#all", "cullface": "east"},
				"south": {"uv": [0, 0, 16, 16], "texture": "#all", "cullface": "east"},
				"west": {"uv": [0, 0, 16, 16], "texture": "#all", "cullface": "east"},
				"up": {"uv": [0, 0, 16, 16], "texture": "#all", "cullface": "east"},
				"down": {"uv": [0, 0, 16, 16], "texture": "#all", "cullface": "east"}
			}
		},
		{
			"from": [0.5, 0.5, 0.5],
			"to": [15.5, 15.5, 15.5],
			"faces": {
				"north": {"uv": [0, 0, 16, 16], "texture": "#1"},
				"east": {"uv": [0, 0, 16, 16], "texture": "#1"},
				"south": {"uv": [0, 0, 16, 16], "texture": "#1"},
				"west": {"uv": [0, 0, 16, 16], "texture": "#1"},
				"up": {"uv": [0, 0, 16, 16], "texture": "#1"},
				"down": {"uv": [0, 0, 16, 16], "texture": "#1"}
			}
		},
		{
			"name": "blocu",
			"from": [0, 15, 0],
			"to": [16, 16, 3],
			"faces": {
				"north": {"uv": [0, 0, 16, 3], "texture": "#all"},
				"east": {"uv": [0, 0, 16, 3], "texture": "#all"},
				"south": {"uv": [0, 0, 16, 3], "texture": "#all"},
				"west": {"uv": [0, 0, 16, 3], "texture": "#all"},
				"up": {"uv": [0, 0, 16, 3], "texture": "#all"},
				"down": {"uv": [0, 0, 16, 3], "texture": "#all"}
			}
		},
		{
			"name": "blocu1",
			"from": [0, 15, 4],
			"to": [16, 16, 7],
			"faces": {
				"north": {"uv": [0, 0, 16, 3], "texture": "#all"},
				"east": {"uv": [0, 0, 16, 3], "texture": "#all"},
				"south": {"uv": [0, 0, 16, 3], "texture": "#all"},
				"west": {"uv": [0, 0, 16, 3], "texture": "#all"},
				"up": {"uv": [0, 4, 16, 7], "texture": "#all"},
				"down": {"uv": [0, 0, 16, 3], "texture": "#all"}
			}
		},
		{
			"name": "blocu2",
			"from": [0, 15, 8],
			"to": [16, 16, 11],
			"faces": {
				"north": {"uv": [0, 0, 16, 3], "texture": "#all"},
				"east": {"uv": [0, 0, 16, 3], "texture": "#all"},
				"south": {"uv": [0, 0, 16, 3], "texture": "#all"},
				"west": {"uv": [0, 0, 16, 3], "texture": "#all"},
				"up": {"uv": [0, 8, 16, 11], "texture": "#all"},
				"down": {"uv": [0, 0, 16, 3], "texture": "#all"}
			}
		},
		{
			"name": "blocu3",
			"from": [0, 15, 12],
			"to": [16, 16, 15],
			"faces": {
				"north": {"uv": [0, 0, 16, 3], "texture": "#all"},
				"east": {"uv": [0, 0, 16, 3], "texture": "#all"},
				"south": {"uv": [0, 0, 16, 3], "texture": "#all"},
				"west": {"uv": [0, 0, 16, 3], "texture": "#all"},
				"up": {"uv": [0, 12, 16, 16], "texture": "#all"},
				"down": {"uv": [0, 0, 16, 3], "texture": "#all"}
			}
		}
	],
	"groups": [
		{
			"name": "cube",
			"children": [0, 1, 2, 3, 4, 5]
		},
		{
			"name": "acacia_planks",
			"children": []
		}
	]
}