{
	"credit": "Made with Blockbench",
	"ambientocclusion": false,
	"textures": {
		"2": "blocks/flower_allium",
		"particle": "blocks/flower_allium"
	},
	"elements": [
		{
			"name": "base",
			"from": [7.5, 0, 7.5],
			"to": [8.5, 9, 8.5],
			"faces": {
				"north": {"uv": [7, 7, 8, 16], "texture": "#2"},
				"east": {"uv": [7, 7, 8, 16], "texture": "#2"},
				"south": {"uv": [7, 7, 8, 16], "texture": "#2"},
				"west": {"uv": [7, 7, 8, 16], "texture": "#2"},
				"up": {"uv": [7, 7, 8, 16], "texture": "#2"},
				"down": {"uv": [7, 7, 8, 16], "texture": "#2"}
			}
		},
		{
			"name": "top0",
			"from": [6.5, 9, 6.5],
			"to": [9.5, 13.75, 9.5],
			"faces": {
				"north": {"uv": [6, 2, 9, 7], "texture": "#2"},
				"east": {"uv": [6, 2, 9, 7], "texture": "#2"},
				"south": {"uv": [6, 2, 9, 7], "texture": "#2"},
				"west": {"uv": [6, 2, 9, 7], "texture": "#2"},
				"up": {"uv": [6, 2, 9, 7], "texture": "#2"},
				"down": {"uv": [6, 2, 9, 7], "texture": "#2"}
			}
		},
		{
			"name": "top1",
			"from": [5.5, 10, 6.5],
			"to": [6.5, 13, 9.5],
			"faces": {
				"north": {"uv": [5, 3, 6, 7], "texture": "#2"},
				"east": {"uv": [5, 3, 6, 7], "texture": "#2"},
				"south": {"uv": [5, 3, 6, 7], "texture": "#2"},
				"west": {"uv": [5, 3, 6, 7], "texture": "#2"},
				"up": {"uv": [5, 3, 6, 7], "texture": "#2"},
				"down": {"uv": [5, 3, 6, 7], "texture": "#2"}
			}
		},
		{
			"name": "top2",
			"from": [6.5, 10, 5.5],
			"to": [9.5, 13, 6.5],
			"faces": {
				"north": {"uv": [5, 3, 6, 7], "texture": "#2"},
				"east": {"uv": [5, 3, 6, 7], "texture": "#2"},
				"south": {"uv": [5, 3, 6, 7], "texture": "#2"},
				"west": {"uv": [5, 3, 6, 7], "texture": "#2"},
				"up": {"uv": [5, 3, 6, 7], "rotation": 90, "texture": "#2"},
				"down": {"uv": [5, 3, 6, 7], "rotation": 270, "texture": "#2"}
			}
		},
		{
			"name": "top3",
			"from": [9.5, 10, 6.5],
			"to": [10.5, 13, 9.5],
			"faces": {
				"north": {"uv": [5, 3, 6, 7], "texture": "#2"},
				"east": {"uv": [5, 3, 6, 7], "texture": "#2"},
				"south": {"uv": [5, 3, 6, 7], "texture": "#2"},
				"west": {"uv": [5, 3, 6, 7], "texture": "#2"},
				"up": {"uv": [5, 3, 6, 7], "rotation": 180, "texture": "#2"},
				"down": {"uv": [5, 3, 6, 7], "rotation": 180, "texture": "#2"}
			}
		},
		{
			"name": "top4",
			"from": [6.5, 10, 9.5],
			"to": [9.5, 13, 10.5],
			"faces": {
				"north": {"uv": [5, 3, 6, 7], "texture": "#2"},
				"east": {"uv": [5, 3, 6, 7], "texture": "#2"},
				"south": {"uv": [5, 3, 6, 7], "texture": "#2"},
				"west": {"uv": [5, 3, 6, 7], "texture": "#2"},
				"up": {"uv": [5, 3, 6, 7], "rotation": 270, "texture": "#2"},
				"down": {"uv": [5, 3, 6, 7], "rotation": 90, "texture": "#2"}
			}
		},
		{
			"name": "top5",
			"from": [7, 10.75, 10.5],
			"to": [9, 12.25, 11],
			"faces": {
				"north": {"uv": [10, 4, 11, 6], "texture": "#2"},
				"east": {"uv": [10, 4, 11, 6], "texture": "#2"},
				"south": {"uv": [10, 4, 11, 6], "texture": "#2"},
				"west": {"uv": [10, 4, 11, 6], "texture": "#2"},
				"up": {"uv": [10, 4, 11, 6], "rotation": 270, "texture": "#2"},
				"down": {"uv": [10, 4, 11, 6], "rotation": 90, "texture": "#2"}
			}
		},
		{
			"name": "top6",
			"from": [5, 10.75, 7],
			"to": [5.5, 12.25, 9],
			"faces": {
				"north": {"uv": [10, 4, 11, 6], "texture": "#2"},
				"east": {"uv": [10, 4, 11, 6], "texture": "#2"},
				"south": {"uv": [10, 4, 11, 6], "texture": "#2"},
				"west": {"uv": [10, 4, 11, 6], "texture": "#2"},
				"up": {"uv": [10, 4, 11, 6], "texture": "#2"},
				"down": {"uv": [10, 4, 11, 6], "texture": "#2"}
			}
		},
		{
			"name": "top7",
			"from": [7, 10.75, 5],
			"to": [9, 12.25, 5.5],
			"faces": {
				"north": {"uv": [10, 4, 11, 6], "texture": "#2"},
				"east": {"uv": [10, 4, 11, 6], "texture": "#2"},
				"south": {"uv": [10, 4, 11, 6], "texture": "#2"},
				"west": {"uv": [10, 4, 11, 6], "texture": "#2"},
				"up": {"uv": [10, 4, 11, 6], "rotation": 90, "texture": "#2"},
				"down": {"uv": [10, 4, 11, 6], "rotation": 270, "texture": "#2"}
			}
		},
		{
			"name": "top8",
			"from": [10.5, 10.75, 7],
			"to": [11, 12.25, 9],
			"faces": {
				"north": {"uv": [10, 4, 11, 6], "texture": "#2"},
				"east": {"uv": [10, 4, 11, 6], "texture": "#2"},
				"south": {"uv": [10, 4, 11, 6], "texture": "#2"},
				"west": {"uv": [10, 4, 11, 6], "texture": "#2"},
				"up": {"uv": [10, 4, 11, 6], "rotation": 180, "texture": "#2"},
				"down": {"uv": [10, 4, 11, 6], "rotation": 180, "texture": "#2"}
			}
		},
		{
			"name": "top9",
			"from": [9.5, 10.3, 9.5],
			"to": [10.3, 12.75, 10.3],
			"faces": {
				"north": {"uv": [9, 6, 10, 8], "texture": "#2"},
				"east": {"uv": [9, 6, 10, 8], "texture": "#2"},
				"south": {"uv": [9, 6, 10, 8], "texture": "#2"},
				"west": {"uv": [9, 6, 10, 8], "texture": "#2"},
				"up": {"uv": [9, 6, 10, 8], "texture": "#2"},
				"down": {"uv": [9, 6, 10, 8], "texture": "#2"}
			}
		},
		{
			"name": "top10",
			"from": [9.5, 10.3, 5.7],
			"to": [10.3, 12.75, 6.5],
			"faces": {
				"north": {"uv": [9, 6, 10, 8], "texture": "#2"},
				"east": {"uv": [9, 6, 10, 8], "texture": "#2"},
				"south": {"uv": [9, 6, 10, 8], "texture": "#2"},
				"west": {"uv": [9, 6, 10, 8], "texture": "#2"},
				"up": {"uv": [9, 6, 10, 8], "texture": "#2"},
				"down": {"uv": [9, 6, 10, 8], "texture": "#2"}
			}
		},
		{
			"name": "top11",
			"from": [5.7, 10.3, 5.7],
			"to": [6.5, 12.75, 6.5],
			"faces": {
				"north": {"uv": [9, 6, 10, 8], "texture": "#2"},
				"east": {"uv": [9, 6, 10, 8], "texture": "#2"},
				"south": {"uv": [9, 6, 10, 8], "texture": "#2"},
				"west": {"uv": [9, 6, 10, 8], "texture": "#2"},
				"up": {"uv": [9, 6, 10, 8], "texture": "#2"},
				"down": {"uv": [9, 6, 10, 8], "texture": "#2"}
			}
		},
		{
			"name": "top12",
			"from": [5.7, 10.3, 9.5],
			"to": [6.5, 12.75, 10.3],
			"faces": {
				"north": {"uv": [9, 6, 10, 8], "texture": "#2"},
				"east": {"uv": [9, 6, 10, 8], "texture": "#2"},
				"south": {"uv": [9, 6, 10, 8], "texture": "#2"},
				"west": {"uv": [9, 6, 10, 8], "texture": "#2"},
				"up": {"uv": [9, 6, 10, 8], "texture": "#2"},
				"down": {"uv": [9, 6, 10, 8], "texture": "#2"}
			}
		}
	],
	"groups": [
		{
			"name": "cross",
			"children": [0, 1, 2, 3, 4, 5, 6, 7, 8, 9, 10, 11, 12, 13]
		}
	]
}