{
	"credit": "Made with Blockbench",
	"textures": {
		"34": "blocks/concrete_green",
		"3_0": "blocks/motherboard",
		"particle": "blocks/motherboard",
		"3_1": "blocks/procesor",
		"3_4": "blocks/gpu",
		"3_6": "blocks/ram",
		"3_7": "blocks/glass",
		"3_8": "blocks/iron_block",
		"3_9": "blocks/anvil_base",
		"3_10": "blocks/concrete_black",
		"3_12": "blocks/anvil_base",
		"3_13": "blocks/pcback"
	},
	"elements": [
		{
			"from": [4.13, -0.08, 2.41],
			"to": [4.99, 17.12, 14.02],
			"faces": {
				"north": {"uv": [1, 0, 2, 16], "texture": "#3_10"},
				"east": {"uv": [1, 0, 2, 16], "texture": "#3_10"},
				"south": {"uv": [1, 0, 2, 16], "texture": "#3_10"},
				"west": {"uv": [1, 0, 2, 16], "texture": "#3_10"},
				"up": {"uv": [1, 0, 2, 16], "texture": "#3_10"},
				"down": {"uv": [1, 0, 2, 16], "texture": "#3_10"}
			}
		},
		{
			"from": [11.01, -0.08, 2.41],
			"to": [11.87, 1.21, 14.02],
			"faces": {
				"north": {"uv": [0, 0, 1, 1.5], "texture": "#3_10"},
				"east": {"uv": [0, 0, 1, 1.5], "texture": "#3_10"},
				"south": {"uv": [0, 0, 1, 1.5], "texture": "#3_10"},
				"west": {"uv": [0, 0, 1, 1.5], "texture": "#3_10"},
				"up": {"uv": [0, 0, 1, 1.5], "texture": "#3_10"},
				"down": {"uv": [0, 0, 1, 1.5], "texture": "#3_10"}
			}
		},
		{
			"from": [4.99, -0.08, 2.41],
			"to": [11.01, 10.24, 3.27],
			"faces": {
				"north": {"uv": [0, 0, 7, 12], "texture": "#3_10"},
				"east": {"uv": [0, 0, 7, 12], "texture": "#3_10"},
				"south": {"uv": [0, 0, 7, 12], "texture": "#3_10"},
				"west": {"uv": [0, 0, 7, 12], "texture": "#3_10"},
				"up": {"uv": [0, 0, 7, 12], "texture": "#3_10"},
				"down": {"uv": [0, 0, 7, 12], "texture": "#3_10"}
			}
		},
		{
			"from": [4.99, -0.08, 13.16],
			"to": [11.01, 0.78, 14.02],
			"faces": {
				"north": {"uv": [0, 0, 7, 1], "texture": "#3_10"},
				"east": {"uv": [0, 0, 7, 1], "texture": "#3_10"},
				"south": {"uv": [0, 0, 7, 1], "texture": "#3_10"},
				"west": {"uv": [0, 0, 7, 1], "texture": "#3_10"},
				"up": {"uv": [0, 0, 7, 1], "texture": "#3_10"},
				"down": {"uv": [0, 0, 7, 1], "texture": "#3_10"}
			}
		},
		{
			"from": [4.99, -0.08, 3.27],
			"to": [11.01, 0.78, 13.16],
			"faces": {
				"north": {"uv": [0, 0, 7, 1], "texture": "#3_10"},
				"east": {"uv": [0, 0, 7, 1], "texture": "#3_10"},
				"south": {"uv": [0, 0, 7, 1], "texture": "#3_10"},
				"west": {"uv": [0, 0, 7, 1], "texture": "#3_10"},
				"up": {"uv": [0, 0, 7, 1], "texture": "#3_10"},
				"down": {"uv": [0, 0, 7, 1], "texture": "#3_10"}
			}
		},
		{
			"from": [4.99, 10.24, 2.668],
			"to": [11.01, 11.96, 3.27],
			"faces": {
				"north": {"uv": [0, 0, 16, 2], "texture": "#3_8"},
				"east": {"uv": [0, 0, 16, 2], "texture": "#3_8"},
				"south": {"uv": [0, 0, 16, 2], "texture": "#3_8"},
				"west": {"uv": [0, 0, 16, 2], "texture": "#3_8"},
				"up": {"uv": [0, 0, 16, 2], "texture": "#3_8"},
				"down": {"uv": [0, 0, 16, 2], "texture": "#3_8"}
			}
		},
		{
			"from": [4.99, 11.96, 2.668],
			"to": [11.01, 13.68, 3.27],
			"faces": {
				"north": {"uv": [0, 0, 16, 2], "texture": "#3_8"},
				"east": {"uv": [0, 0, 16, 2], "texture": "#3_8"},
				"south": {"uv": [0, 0, 16, 2], "texture": "#3_8"},
				"west": {"uv": [0, 0, 16, 2], "texture": "#3_8"},
				"up": {"uv": [0, 0, 16, 2], "texture": "#3_8"},
				"down": {"uv": [0, 0, 16, 2], "texture": "#3_8"}
			}
		},
		{
			"from": [4.99, 13.68, 2.668],
			"to": [11.01, 15.4, 3.27],
			"faces": {
				"north": {"uv": [0, 0, 16, 2], "texture": "#3_8"},
				"east": {"uv": [0, 0, 16, 2], "texture": "#3_8"},
				"south": {"uv": [0, 0, 16, 2], "texture": "#3_8"},
				"west": {"uv": [0, 0, 16, 2], "texture": "#3_8"},
				"up": {"uv": [0, 0, 16, 2], "texture": "#3_8"},
				"down": {"uv": [0, 0, 16, 2], "texture": "#3_8"}
			}
		},
		{
			"from": [4.99, 16.69, 2.41],
			"to": [11.01, 17.12, 13.934],
			"faces": {
				"north": {"uv": [0, 0, 7, 0.5], "texture": "#3_10"},
				"east": {"uv": [0, 0, 7, 0.5], "texture": "#3_10"},
				"south": {"uv": [0, 0, 7, 0.5], "texture": "#3_10"},
				"west": {"uv": [0, 0, 7, 0.5], "texture": "#3_10"},
				"up": {"uv": [0, 0, 7, 0.5], "texture": "#3_10"},
				"down": {"uv": [0, 0, 7, 0.5], "texture": "#3_10"}
			}
		},
		{
			"from": [4.99, 16.26, 2.582],
			"to": [11.01, 16.69, 3.27],
			"faces": {
				"north": {"uv": [0, 0, 7, 0.5], "texture": "#3_12"},
				"east": {"uv": [0, 0, 0.8, 0.5], "texture": "#3_12"},
				"south": {"uv": [0, 0, 7, 0.5], "texture": "#3_12"},
				"west": {"uv": [0, 0, 0.8, 0.5], "texture": "#3_12"},
				"up": {"uv": [0, 0, 7, 0.8], "texture": "#3_12"},
				"down": {"uv": [0, 0, 7, 0.8], "texture": "#3_12"}
			}
		},
		{
			"from": [4.99, 15.4, 2.582],
			"to": [11.01, 15.83, 3.27],
			"faces": {
				"north": {"uv": [0, 0, 7, 0.5], "texture": "#3_12"},
				"east": {"uv": [0, 0, 0.8, 0.5], "texture": "#3_12"},
				"south": {"uv": [0, 0, 7, 0.5], "texture": "#3_12"},
				"west": {"uv": [0, 0, 0.8, 0.5], "texture": "#3_12"},
				"up": {"uv": [0, 0, 7, 0.8], "texture": "#3_12"},
				"down": {"uv": [0, 0, 7, 0.8], "texture": "#3_12"}
			}
		},
		{
			"from": [10.322, 15.744, 2.582],
			"to": [11.01, 16.26, 3.27],
			"faces": {
				"north": {"uv": [0, 0, 0.8, 0.6], "texture": "#3_12"},
				"east": {"uv": [0, 0, 0.8, 0.6], "texture": "#3_12"},
				"south": {"uv": [0, 0, 0.8, 0.6], "texture": "#3_12"},
				"west": {"uv": [0, 0, 0.8, 0.6], "texture": "#3_12"},
				"up": {"uv": [0, 0, 0.8, 0.6], "texture": "#3_12"},
				"down": {"uv": [0, 0, 0.8, 0.6], "texture": "#3_12"}
			}
		},
		{
			"from": [9.204, 15.744, 2.582],
			"to": [9.462, 16.26, 3.27],
			"faces": {
				"north": {"uv": [0, 0, 0.3, 0.6], "texture": "#3_12"},
				"east": {"uv": [0, 0, 0.3, 0.6], "texture": "#3_12"},
				"south": {"uv": [0, 0, 0.3, 0.6], "texture": "#3_12"},
				"west": {"uv": [0, 0, 0.3, 0.6], "texture": "#3_12"},
				"up": {"uv": [0, 0, 0.3, 0.6], "texture": "#3_12"},
				"down": {"uv": [0, 0, 0.3, 0.6], "texture": "#3_12"}
			}
		},
		{
			"from": [8, 15.744, 2.582],
			"to": [8.258, 16.26, 3.27],
			"faces": {
				"north": {"uv": [0, 0, 0.3, 0.6], "texture": "#3_12"},
				"east": {"uv": [0, 0, 0.3, 0.6], "texture": "#3_12"},
				"south": {"uv": [0, 0, 0.3, 0.6], "texture": "#3_12"},
				"west": {"uv": [0, 0, 0.3, 0.6], "texture": "#3_12"},
				"up": {"uv": [0, 0, 0.3, 0.6], "texture": "#3_12"},
				"down": {"uv": [0, 0, 0.3, 0.6], "texture": "#3_12"}
			}
		},
		{
			"from": [7.054, 15.744, 2.582],
			"to": [7.312, 16.26, 3.27],
			"faces": {
				"north": {"uv": [0, 0, 0.3, 0.6], "texture": "#3_12"},
				"east": {"uv": [0, 0, 0.3, 0.6], "texture": "#3_12"},
				"south": {"uv": [0, 0, 0.3, 0.6], "texture": "#3_12"},
				"west": {"uv": [0, 0, 0.3, 0.6], "texture": "#3_12"},
				"up": {"uv": [0, 0, 0.3, 0.6], "texture": "#3_12"},
				"down": {"uv": [0, 0, 0.3, 0.6], "texture": "#3_12"}
			}
		},
		{
			"from": [4.99, 15.744, 2.582],
			"to": [5.248, 16.26, 3.27],
			"faces": {
				"north": {"uv": [0, 0, 0.3, 0.6], "texture": "#3_12"},
				"east": {"uv": [0, 0, 0.3, 0.6], "texture": "#3_12"},
				"south": {"uv": [0, 0, 0.3, 0.6], "texture": "#3_12"},
				"west": {"uv": [0, 0, 0.3, 0.6], "texture": "#3_12"},
				"up": {"uv": [0, 0, 0.3, 0.6], "texture": "#3_12"},
				"down": {"uv": [0, 0, 0.3, 0.6], "texture": "#3_12"}
			}
		},
		{
			"from": [5.592, 15.744, 2.582],
			"to": [7.226, 16.26, 3.27],
			"faces": {
				"north": {"uv": [0, 0, 1.9, 0.6], "texture": "#3_12"},
				"east": {"uv": [0, 0, 0.8, 0.6], "texture": "#3_12"},
				"south": {"uv": [0, 0, 1.9, 0.6], "texture": "#3_12"},
				"west": {"uv": [0, 0, 0.8, 0.6], "texture": "#3_12"},
				"up": {"uv": [0, 0, 1.9, 0.8], "texture": "#3_12"},
				"down": {"uv": [0, 0, 1.9, 0.8], "texture": "#3_12"}
			}
		},
		{
			"from": [4.99, 15.486, 2.668],
			"to": [11.01, 16.69, 3.356],
			"faces": {
				"north": {"uv": [0, 0, 7, 1.4], "texture": "#3_10"},
				"east": {"uv": [0, 0, 7, 1.4], "texture": "#3_10"},
				"south": {"uv": [0, 0, 7, 1.4], "texture": "#3_10"},
				"west": {"uv": [0, 0, 7, 1.4], "texture": "#3_10"},
				"up": {"uv": [0, 0, 7, 1.4], "texture": "#3_10"},
				"down": {"uv": [0, 0, 7, 1.4], "texture": "#3_10"}
			}
		},
		{
			"from": [7.14, 1.64, 2.195],
			"to": [8, 2.5, 3.055],
			"faces": {
				"north": {"uv": [0, 0, 1, 1], "texture": "#34"},
				"east": {"uv": [0, 0, 1, 1], "texture": "#34"},
				"south": {"uv": [0, 0, 1, 1], "texture": "#34"},
				"west": {"uv": [0, 0, 1, 1], "texture": "#34"},
				"up": {"uv": [0, 0, 1, 1], "texture": "#34"},
				"down": {"uv": [0, 0, 1, 1], "texture": "#34"}
			}
		},
		{
			"from": [11.01, 15.83, 2.41],
			"to": [11.87, 17.12, 14.02],
			"faces": {
				"north": {"uv": [0, 0, 1, 1.5], "texture": "#3_10"},
				"east": {"uv": [0, 0, 13.5, 1.5], "texture": "#3_10"},
				"south": {"uv": [0, 0, 1, 1.5], "texture": "#3_10"},
				"west": {"uv": [0, 0, 13.5, 1.5], "texture": "#3_10"},
				"up": {"uv": [0, 0, 1, 13.5], "texture": "#3_10"},
				"down": {"uv": [0, 0, 1, 13.5], "texture": "#3_10"}
			}
		},
		{
			"from": [11.01, 1.21, 2.41],
			"to": [11.87, 16.26, 3.958],
			"faces": {
				"north": {"uv": [0, 0, 1, 16], "texture": "#3_10"},
				"east": {"uv": [0, 0, 1.8, 16], "texture": "#3_10"},
				"south": {"uv": [0, 0, 1, 16], "texture": "#3_10"},
				"west": {"uv": [0, 0, 1.8, 16], "texture": "#3_10"},
				"up": {"uv": [0, 0, 1, 1.8], "texture": "#3_10"},
				"down": {"uv": [0, 0, 1, 1.8], "texture": "#3_10"}
			}
		},
		{
			"from": [11.01, 1.21, 12.472],
			"to": [11.87, 16.26, 14.02],
			"faces": {
				"north": {"uv": [0, 0, 1, 16], "texture": "#3_10"},
				"east": {"uv": [0, 0, 1.8, 16], "texture": "#3_10"},
				"south": {"uv": [0, 0, 1, 16], "texture": "#3_10"},
				"west": {"uv": [0, 0, 1.8, 16], "texture": "#3_10"},
				"up": {"uv": [0, 0, 1, 1.8], "texture": "#3_10"},
				"down": {"uv": [0, 0, 1, 1.8], "texture": "#3_10"}
			}
		},
		{
			"from": [5.01, 0.81, 13.472],
			"to": [11.07, 16.66, 13.72],
			"faces": {
				"north": {"uv": [0, 0, 1, 16], "texture": "#3_10"},
				"east": {"uv": [0, 0, 1.8, 16], "texture": "#3_10"},
				"south": {"uv": [4.63984, 1.79141, 9.59141, 12.79846], "texture": "#3_13"},
				"west": {"uv": [0, 0, 1.8, 16], "texture": "#3_10"},
				"up": {"uv": [0, 0, 1, 1.8], "texture": "#3_10"},
				"down": {"uv": [0, 0, 1, 1.8], "texture": "#3_10"}
			}
		},
		{
			"from": [4.904, 4.822, 4.818],
			"to": [5.162, 15.83, 13.16],
			"faces": {
				"north": {"uv": [0, 0, 16, 16], "texture": "#3_0"},
				"east": {"uv": [0, 0, 16, 16], "texture": "#3_0"},
				"south": {"uv": [0, 0, 16, 16], "texture": "#3_0"},
				"west": {"uv": [0, 0, 16, 16], "texture": "#3_0"},
				"up": {"uv": [0, 0, 16, 16], "texture": "#3_0"},
				"down": {"uv": [0, 0, 16, 16], "texture": "#3_0"}
			}
		},
		{
			"from": [4.904, 9.466, 6.538],
			"to": [5.506, 11.702, 7.828],
			"faces": {
				"north": {"uv": [2.77969, 5.87969, 3.47969, 8.47969], "texture": "#3_1"},
				"east": {"uv": [2.77969, 2.23984, 13.17969, 13.49924], "texture": "#3_1"},
				"south": {"uv": [2.77969, 5.63984, 3.47969, 8.23984], "texture": "#3_1"},
				"west": {"uv": [2.87969, 6.07969, 3.63906, 8.67969], "texture": "#3_1"},
				"up": {"uv": [2.83984, 6.63984, 3.39922, 7.99922], "texture": "#3_1"},
				"down": {"uv": [2.87969, 6.23984, 3.37969, 7.73984], "texture": "#3_1"}
			}
		},
		{
			"from": [4.904, 7.574, 5.076],
			"to": [6.366, 7.832, 9.118],
			"faces": {
				"north": {"uv": [5.29531, 3.69531, 5.79688, 6.11406], "texture": "#3_6"},
				"east": {"uv": [5.53594, 4.14375, 6.05469, 8.84375], "rotation": 270, "texture": "#3_6"},
				"south": {"uv": [5.29531, 3.69531, 5.79688, 6.11406], "texture": "#3_6"},
				"west": {"uv": [5.53594, 4.14375, 6.05469, 8.84375], "rotation": 270, "texture": "#3_6"},
				"up": {"uv": [2.92734, 2.2875, 6.28281, 13.96405], "texture": "#3_6"},
				"down": {"uv": [2.92734, 2.2875, 6.28281, 13.96405], "texture": "#3_6"}
			}
		},
		{
			"from": [4.904, 9.552, 11.268],
			"to": [7.226, 13.938, 11.784],
			"faces": {
				"north": {"uv": [9.34375, 1.18359, 14.3461, 13.99374], "texture": "#3_4"},
				"east": {"uv": [2.23984, 1.24766, 6.5875, 1.75156], "rotation": 270, "texture": "#3_4"},
				"south": {"uv": [1.93594, 0.89531, 6.93829, 13.70471], "texture": "#3_4"},
				"west": {"uv": [2.23984, 1.24766, 6.5875, 1.75156], "rotation": 270, "texture": "#3_4"},
				"up": {"uv": [5.98359, 4.47969, 6.49141, 6.34297], "texture": "#3_4"},
				"down": {"uv": [5.98359, 4.47969, 6.49141, 6.34297], "texture": "#3_4"}
			}
		},
		{
			"from": [4.904, 14.97, 8.344],
			"to": [5.334, 15.83, 9.118],
			"faces": {
				"north": {"uv": [7.95938, 0, 9.0586, 1.03907], "texture": "#3_0"},
				"east": {"uv": [7.95938, 0, 9.0586, 1.03907], "texture": "#3_0"},
				"south": {"uv": [7.95938, 0, 9.0586, 1.03907], "texture": "#3_0"},
				"west": {"uv": [7.95938, 0, 9.0586, 1.03907], "texture": "#3_0"},
				"up": {"uv": [7.95938, 0, 9.0586, 1.03907], "texture": "#3_0"},
				"down": {"uv": [7.95938, 0, 9.0586, 1.03907], "texture": "#3_0"}
			}
		},
		{
			"from": [4.904, 15.228, 5.506],
			"to": [5.85, 15.83, 6.452],
			"faces": {
				"north": {"uv": [12.95938, 0.03984, 14.49922, 0.89922], "texture": "#3_0"},
				"east": {"uv": [12.95938, 0.03984, 14.49922, 0.89922], "texture": "#3_0"},
				"south": {"uv": [12.95938, 0.03984, 14.49922, 0.89922], "texture": "#3_0"},
				"west": {"uv": [12.95938, 0.03984, 14.49922, 0.89922], "texture": "#3_0"},
				"up": {"uv": [12.95938, 0.03984, 14.49922, 0.89922], "texture": "#3_0"},
				"down": {"uv": [12.95938, 0.03984, 14.49922, 0.89922], "texture": "#3_0"}
			}
		},
		{
			"from": [4.904, 14.884, 7.742],
			"to": [5.42, 15.83, 8.258],
			"faces": {
				"north": {"uv": [9.4, 0, 10.23985, 1.45938], "texture": "#3_0"},
				"east": {"uv": [9.4, 0, 10.23985, 1.45938], "texture": "#3_0"},
				"south": {"uv": [9.4, 0, 10.23985, 1.45938], "texture": "#3_0"},
				"west": {"uv": [9.4, 0, 10.23985, 1.45938], "texture": "#3_0"},
				"up": {"uv": [9.4, 0, 10.23985, 1.45938], "texture": "#3_0"},
				"down": {"uv": [9.4, 0, 10.23985, 1.45938], "texture": "#3_0"}
			}
		},
		{
			"from": [4.904, 7.144, 5.076],
			"to": [6.366, 7.402, 9.118],
			"faces": {
				"north": {"uv": [5.29531, 3.69531, 5.79688, 6.11406], "texture": "#3_6"},
				"east": {"uv": [5.53594, 4.14375, 6.05469, 8.84375], "rotation": 270, "texture": "#3_6"},
				"south": {"uv": [5.29531, 3.69531, 5.79688, 6.11406], "texture": "#3_6"},
				"west": {"uv": [5.53594, 4.14375, 6.05469, 8.84375], "rotation": 270, "texture": "#3_6"},
				"up": {"uv": [2.92734, 2.2875, 6.28281, 13.96405], "texture": "#3_6"},
				"down": {"uv": [2.92734, 2.2875, 6.28281, 13.96405], "texture": "#3_6"}
			}
		},
		{
			"from": [4.904, 6.714, 5.076],
			"to": [6.366, 6.972, 9.118],
			"faces": {
				"north": {"uv": [5.29531, 3.69531, 5.79688, 6.11406], "texture": "#3_6"},
				"east": {"uv": [5.53594, 4.14375, 6.05469, 8.84375], "rotation": 270, "texture": "#3_6"},
				"south": {"uv": [5.29531, 3.69531, 5.79688, 6.11406], "texture": "#3_6"},
				"west": {"uv": [5.53594, 4.14375, 6.05469, 8.84375], "rotation": 270, "texture": "#3_6"},
				"up": {"uv": [2.92734, 2.2875, 6.28281, 13.96405], "texture": "#3_6"},
				"down": {"uv": [2.92734, 2.2875, 6.28281, 13.96405], "texture": "#3_6"}
			}
		},
		{
			"from": [4.904, 6.284, 5.076],
			"to": [6.366, 6.542, 9.118],
			"faces": {
				"north": {"uv": [5.29531, 3.69531, 5.79688, 6.11406], "texture": "#3_6"},
				"east": {"uv": [5.53594, 4.14375, 6.05469, 8.84375], "rotation": 270, "texture": "#3_6"},
				"south": {"uv": [5.29531, 3.69531, 5.79688, 6.11406], "texture": "#3_6"},
				"west": {"uv": [5.53594, 4.14375, 6.05469, 8.84375], "rotation": 270, "texture": "#3_6"},
				"up": {"uv": [2.92734, 2.2875, 6.28281, 13.96405], "texture": "#3_6"},
				"down": {"uv": [2.92734, 2.2875, 6.28281, 13.96405], "texture": "#3_6"}
			}
		},
		{
			"from": [4.904, 9.552, 9.634],
			"to": [7.226, 13.938, 10.15],
			"faces": {
				"north": {"uv": [9.34375, 1.18359, 14.3461, 13.99374], "texture": "#3_4"},
				"east": {"uv": [2.23984, 1.24766, 6.5875, 1.75156], "rotation": 270, "texture": "#3_4"},
				"south": {"uv": [1.93594, 0.89531, 6.93829, 13.70471], "texture": "#3_4"},
				"west": {"uv": [2.23984, 1.24766, 6.5875, 1.75156], "rotation": 270, "texture": "#3_4"},
				"up": {"uv": [5.98359, 4.47969, 6.49141, 6.34297], "texture": "#3_4"},
				"down": {"uv": [5.98359, 4.47969, 6.49141, 6.34297], "texture": "#3_4"}
			}
		},
		{
			"from": [4.904, 15.142, 7.226],
			"to": [5.42, 15.83, 7.656],
			"faces": {
				"north": {"uv": [10.63984, 0, 11.13984, 0.8], "texture": "#3_0"},
				"east": {"uv": [10.63984, 0, 11.13984, 0.8], "texture": "#3_0"},
				"south": {"uv": [10.63984, 0, 11.13984, 0.8], "texture": "#3_0"},
				"west": {"uv": [10.63984, 0, 11.13984, 0.8], "texture": "#3_0"},
				"up": {"uv": [10.63984, 0, 11.13984, 0.8], "texture": "#3_0"},
				"down": {"uv": [10.63984, 0, 11.13984, 0.8], "texture": "#3_0"}
			}
		},
		{
			"from": [4.904, 15.228, 4.904],
			"to": [5.85, 15.83, 5.334],
			"faces": {
				"north": {"uv": [15.05938, 0, 15.91875, 1.05938], "texture": "#3_0"},
				"east": {"uv": [15.05938, 0, 15.91875, 1.05938], "texture": "#3_0"},
				"south": {"uv": [15.05938, 0, 15.91875, 1.05938], "texture": "#3_0"},
				"west": {"uv": [15.05938, 0, 15.91875, 1.05938], "texture": "#3_0"},
				"up": {"uv": [15.05938, 0, 15.91875, 1.05938], "texture": "#3_0"},
				"down": {"uv": [15.05938, 0, 15.91875, 1.05938], "texture": "#3_0"}
			}
		},
		{
			"from": [4.6, 0.8, 2.8],
			"to": [11, 4.3, 13.1],
			"faces": {
				"north": {"uv": [0, 0, 10.3, 3.5], "texture": "#3_9"},
				"east": {"uv": [0, 0, 10.3, 3.5], "texture": "#3_9"},
				"south": {"uv": [0, 0, 10.3, 3.5], "texture": "#3_9"},
				"west": {"uv": [0, 0, 10.3, 3.5], "texture": "#3_9"},
				"up": {"uv": [0, 0, 10.3, 3.5], "texture": "#3_9"},
				"down": {"uv": [0, 0, 10.3, 3.5], "texture": "#3_9"}
			}
		},
		{
			"from": [5.2, 10, 3],
			"to": [10.9, 15.2, 5.5],
			"faces": {
				"north": {"uv": [1, 1, 14.5, 15.2], "texture": "#3_8"},
				"east": {"uv": [1, 1, 14.5, 15.2], "texture": "#3_8"},
				"south": {"uv": [1, 1, 14.5, 15.2], "texture": "#3_8"},
				"west": {"uv": [1, 1, 14.5, 15.2], "texture": "#3_8"},
				"up": {"uv": [1, 1, 14.5, 15.2], "texture": "#3_8"},
				"down": {"uv": [1, 1, 14.5, 15.2], "texture": "#3_8"}
			}
		},
		{
			"from": [7, 12.7, 12],
			"to": [10, 15.7, 13.3],
			"faces": {
				"north": {"uv": [0, 0, 3, 3], "texture": "#3_9"},
				"east": {"uv": [0, 0, 1.3, 3], "texture": "#3_9"},
				"south": {"uv": [0, 0, 3, 3], "texture": "#3_9"},
				"west": {"uv": [0, 0, 1.3, 3], "texture": "#3_9"},
				"up": {"uv": [0, 0, 3, 1.3], "texture": "#3_9"},
				"down": {"uv": [0, 0, 3, 1.3], "texture": "#3_9"}
			}
		},
		{
			"from": [5.4, 3.8, 12.2],
			"to": [10.9, 16.3, 13.2],
			"faces": {
				"north": {"uv": [0, 0, 5.5, 12.5], "texture": "#3_8"},
				"east": {"uv": [0, 0, 1, 12.5], "texture": "#3_8"},
				"south": {"uv": [0, 0, 5.5, 12.5], "texture": "#3_8"},
				"west": {"uv": [0, 0, 1, 12.5], "texture": "#3_8"},
				"up": {"uv": [0, 0, 5.5, 1], "texture": "#3_8"},
				"down": {"uv": [0, 0, 5.5, 1], "texture": "#3_8"}
			}
		},
		{
			"from": [10.85, 1, 4],
			"to": [11.85, 16, 13],
			"faces": {
				"north": {"uv": [0, 0, 16, 16], "texture": "#3_7"},
				"east": {"uv": [0, 0, 16, 16], "texture": "#3_7"},
				"south": {"uv": [0, 0, 16, 16], "texture": "#3_7"},
				"west": {"uv": [0, 0, 16, 16], "texture": "#3_7"},
				"up": {"uv": [0, 0, 16, 16], "texture": "#3_7"},
				"down": {"uv": [0, 0, 16, 16], "texture": "#3_7"}
			}
		}
	],
	"display": {
		"thirdperson_righthand": {
			"rotation": [64, 0, 0],
			"translation": [0, 0, -3]
		},
		"thirdperson_lefthand": {
			"rotation": [64, 0, 0]
		},
		"ground": {
			"translation": [0, 2.75, 0],
			"scale": [0.53, 0.67, 0.57]
		},
		"gui": {
			"rotation": [0, -124, 0],
			"scale": [1, 0.74, 0.82]
		},
		"head": {
			"scale": [2.05, 1.69, 1.96]
		},
		"fixed": {
			"rotation": [0, 93, 0],
			"translation": [0, 0, -3.75],
			"scale": [0.34, 1, 1]
		}
	},
	"groups": [
		{
			"name": "comparator_unlit",
			"children": [
				{
					"name": "all",
					"children": [
						{
							"name": "case",
							"children": [0, 1, 2, 3, 4, 5, 6, 7, 8, 9, 10, 11, 12, 13, 14, 15, 16, 17, 18, 19, 20, 21, 22]
						},
						{
							"name": "components",
							"children": [23, 24, 25, 26, 27, 28, 29, 30, 31, 32, 33, 34, 35, 36, 37, 38, 39]
						}
					]
				}, 40]
		}
	]
}