{
	"credit": "Made with Blockbench",
	"ambientocclusion": false,
	"textures": {
		"1": "blocks/flower_dandelion",
		"particle": "blocks/flower_dandelion"
	},
	"elements": [
		{
			"name": "baza",
			"from": [7.5, 0, 7.5],
			"to": [8.5, 5, 8.5],
			"faces": {
				"north": {"uv": [7, 11, 9, 16], "texture": "#1"},
				"east": {"uv": [7, 11, 9, 16], "texture": "#1"},
				"south": {"uv": [7, 11, 9, 16], "texture": "#1"},
				"west": {"uv": [7, 11, 9, 16], "texture": "#1"},
				"up": {"uv": [7, 11, 9, 16], "texture": "#1"},
				"down": {"uv": [7, 11, 9, 16], "texture": "#1"}
			}
		},
		{
			"name": "baza1",
			"from": [6.5, 2, 7.5],
			"to": [7.5, 4, 8.5],
			"faces": {
				"north": {"uv": [6, 13, 7, 15], "texture": "#1"},
				"east": {"uv": [6, 13, 7, 15], "texture": "#1"},
				"south": {"uv": [6, 13, 7, 15], "texture": "#1"},
				"west": {"uv": [6, 13, 7, 15], "texture": "#1"},
				"up": {"uv": [6, 13, 7, 15], "texture": "#1"},
				"down": {"uv": [6, 13, 7, 15], "texture": "#1"}
			}
		},
		{
			"name": "baza2",
			"from": [9.5, 2, 7.5],
			"to": [10.5, 3, 8.5],
			"faces": {
				"north": {"uv": [5, 13, 6, 14], "texture": "#1"},
				"east": {"uv": [5, 13, 6, 14], "texture": "#1"},
				"south": {"uv": [5, 13, 6, 14], "texture": "#1"},
				"west": {"uv": [5, 13, 6, 14], "texture": "#1"},
				"up": {"uv": [5, 13, 6, 14], "texture": "#1"},
				"down": {"uv": [5, 13, 6, 14], "texture": "#1"}
			}
		},
		{
			"name": "baza3",
			"from": [5.5, 3, 7.5],
			"to": [6.5, 4, 8.5],
			"faces": {
				"north": {"uv": [5, 13, 6, 14], "texture": "#1"},
				"east": {"uv": [5, 13, 6, 14], "texture": "#1"},
				"south": {"uv": [5, 13, 6, 14], "texture": "#1"},
				"west": {"uv": [5, 13, 6, 14], "texture": "#1"},
				"up": {"uv": [5, 13, 6, 14], "texture": "#1"},
				"down": {"uv": [5, 13, 6, 14], "texture": "#1"}
			}
		},
		{
			"name": "baza4",
			"from": [8.5, 1, 7.5],
			"to": [9.5, 3, 8.5],
			"faces": {
				"north": {"uv": [6, 13, 7, 15], "texture": "#1"},
				"east": {"uv": [6, 13, 7, 15], "texture": "#1"},
				"south": {"uv": [6, 13, 7, 15], "texture": "#1"},
				"west": {"uv": [6, 13, 7, 15], "texture": "#1"},
				"up": {"uv": [6, 13, 7, 15], "texture": "#1"},
				"down": {"uv": [6, 13, 7, 15], "texture": "#1"}
			}
		},
		{
			"name": "top",
			"from": [6.5, 5, 6.75],
			"to": [9.5, 7, 9.25],
			"faces": {
				"north": {"uv": [6, 9, 10, 11], "texture": "#1"},
				"east": {"uv": [6, 9, 10, 11], "texture": "#1"},
				"south": {"uv": [6, 9, 10, 11], "texture": "#1"},
				"west": {"uv": [6, 9, 10, 11], "texture": "#1"},
				"up": {"uv": [6, 9, 10, 11], "texture": "#1"},
				"down": {"uv": [6, 9, 10, 11], "texture": "#1"}
			}
		},
		{
			"name": "top5",
			"from": [6.75, 7, 7.25],
			"to": [9.25, 7.5, 8.75],
			"faces": {
				"north": {"uv": [6, 9, 10, 11], "texture": "#1"},
				"east": {"uv": [6, 9, 10, 11], "texture": "#1"},
				"south": {"uv": [6, 9, 10, 11], "texture": "#1"},
				"west": {"uv": [6, 9, 10, 11], "texture": "#1"},
				"up": {"uv": [6, 9, 10, 11], "texture": "#1"},
				"down": {"uv": [6, 9, 10, 11], "texture": "#1"}
			}
		},
		{
			"name": "top6",
			"from": [6.75, 5.25, 9],
			"to": [9.25, 6.75, 9.75],
			"faces": {
				"north": {"uv": [6, 9, 10, 11], "rotation": 180, "texture": "#1"},
				"east": {"uv": [6, 9, 10, 11], "rotation": 270, "texture": "#1"},
				"south": {"uv": [6, 9, 10, 11], "texture": "#1"},
				"west": {"uv": [6, 9, 10, 11], "rotation": 90, "texture": "#1"},
				"up": {"uv": [6, 9, 10, 11], "rotation": 180, "texture": "#1"},
				"down": {"uv": [6, 9, 10, 11], "texture": "#1"}
			}
		},
		{
			"name": "top7",
			"from": [6.75, 5.25, 6.25],
			"to": [9.25, 6.75, 7],
			"faces": {
				"north": {"uv": [6, 9, 10, 11], "rotation": 180, "texture": "#1"},
				"east": {"uv": [6, 9, 10, 11], "rotation": 90, "texture": "#1"},
				"south": {"uv": [6, 9, 10, 11], "texture": "#1"},
				"west": {"uv": [6, 9, 10, 11], "rotation": 270, "texture": "#1"},
				"up": {"uv": [6, 9, 10, 11], "texture": "#1"},
				"down": {"uv": [6, 9, 10, 11], "rotation": 180, "texture": "#1"}
			}
		},
		{
			"name": "top8",
			"from": [6, 5.25, 7.25],
			"to": [6.75, 6.75, 8.75],
			"faces": {
				"north": {"uv": [6, 9, 10, 11], "rotation": 90, "texture": "#1"},
				"east": {"uv": [6, 9, 10, 11], "texture": "#1"},
				"south": {"uv": [6, 9, 10, 11], "rotation": 270, "texture": "#1"},
				"west": {"uv": [6, 9, 10, 11], "rotation": 180, "texture": "#1"},
				"up": {"uv": [6, 9, 10, 11], "rotation": 270, "texture": "#1"},
				"down": {"uv": [6, 9, 10, 11], "rotation": 270, "texture": "#1"}
			}
		},
		{
			"name": "top9",
			"from": [9.25, 5.25, 7.25],
			"to": [10, 6.75, 8.75],
			"faces": {
				"north": {"uv": [6, 9, 10, 11], "rotation": 270, "texture": "#1"},
				"east": {"uv": [6, 9, 10, 11], "rotation": 180, "texture": "#1"},
				"south": {"uv": [6, 9, 10, 11], "rotation": 90, "texture": "#1"},
				"west": {"uv": [6, 9, 10, 11], "rotation": 180, "texture": "#1"},
				"up": {"uv": [6, 9, 10, 11], "rotation": 270, "texture": "#1"},
				"down": {"uv": [6, 9, 10, 11], "rotation": 90, "texture": "#1"}
			}
		},
		{
			"name": "top10",
			"from": [7.25, 4.5, 7.25],
			"to": [8.75, 5.25, 8.75],
			"faces": {
				"north": {"uv": [6, 9, 10, 11], "rotation": 180, "texture": "#1"},
				"east": {"uv": [6, 9, 10, 11], "rotation": 180, "texture": "#1"},
				"south": {"uv": [6, 9, 10, 11], "rotation": 180, "texture": "#1"},
				"west": {"uv": [6, 9, 10, 11], "texture": "#1"},
				"up": {"uv": [6, 9, 10, 11], "rotation": 270, "texture": "#1"},
				"down": {"uv": [6, 9, 10, 11], "rotation": 90, "texture": "#1"}
			}
		}
	],
	"groups": [
		{
			"name": "cross",
			"children": [0, 1, 2, 3, 4, 5, 6, 7, 8, 9, 10, 11]
		}
	]
}