{
	"credit": "Made with Blockbench",
	"textures": {
		"0": "blocks/concrete_black",
		"2": "blocks/bedrock",
		"3": "blocks/iron_block",
		"4": "blocks/wallpaper1",
		"particle": "blocks/concrete_black"
	},
	"elements": [
		{
			"from": [5.3026, -0.04, 18.74418],
			"to": [6.6826, 0.305, 20.12418],
			"rotation": {"angle": -22.5, "axis": "y", "origin": [21.8626, 11, 18.74418]},
			"faces": {
				"north": {"uv": [0, 0, 1, 0.25], "texture": "#3"},
				"east": {"uv": [0, 0, 1, 0.25], "texture": "#3"},
				"south": {"uv": [0, 0, 1, 0.25], "texture": "#3"},
				"west": {"uv": [0, 0, 1, 0.25], "texture": "#3"},
				"up": {"uv": [0, 0, 1, 1], "rotation": 270, "texture": "#3"},
				"down": {"uv": [0, 0, 1, 1], "rotation": 90, "texture": "#3"}
			}
		},
		{
			"from": [7.31, -0.04, 12.83],
			"to": [8.69, 9.965, 14.21],
			"faces": {
				"north": {"uv": [0, 0, 1, 7.25], "texture": "#3"},
				"east": {"uv": [0, 0, 1, 7.25], "texture": "#3"},
				"south": {"uv": [0, 0, 1, 7.25], "texture": "#3"},
				"west": {"uv": [0, 0, 1, 7.25], "texture": "#3"},
				"up": {"uv": [0, 0, 1, 1], "texture": "#3"},
				"down": {"uv": [0, 0, 1, 1], "texture": "#3"}
			}
		},
		{
			"from": [12.59394, -0.04, 15.89644],
			"to": [13.97394, 0.305, 17.27644],
			"rotation": {"angle": 22.5, "axis": "y", "origin": [2.93394, 11, 25.55644]},
			"faces": {
				"north": {"uv": [0, 0, 1, 0.25], "texture": "#3"},
				"east": {"uv": [0, 0, 1, 0.25], "texture": "#3"},
				"south": {"uv": [0, 0, 1, 0.25], "texture": "#3"},
				"west": {"uv": [0, 0, 1, 0.25], "texture": "#3"},
				"up": {"uv": [0, 0, 1, 1], "rotation": 90, "texture": "#3"},
				"down": {"uv": [0, 0, 1, 1], "rotation": 270, "texture": "#3"}
			}
		},
		{
			"from": [5.65958, -0.04, 26.43674],
			"to": [7.03958, 0.305, 27.81674],
			"rotation": {"angle": -45, "axis": "y", "origin": [23.59958, 11, 19.53674]},
			"faces": {
				"north": {"uv": [0, 0, 1, 0.25], "texture": "#3"},
				"east": {"uv": [0, 0, 1, 0.25], "texture": "#3"},
				"south": {"uv": [0, 0, 1, 0.25], "texture": "#3"},
				"west": {"uv": [0, 0, 1, 0.25], "texture": "#3"},
				"up": {"uv": [0, 0, 1, 1], "rotation": 270, "texture": "#3"},
				"down": {"uv": [0, 0, 1, 1], "rotation": 90, "texture": "#3"}
			}
		},
		{
			"from": [5.96364, -0.04, 2.07028],
			"to": [7.34364, 0.305, 3.45028],
			"rotation": {"angle": -45, "axis": "y", "origin": [-3.69636, 11, 11.73028]},
			"faces": {
				"north": {"uv": [0, 0, 1, 0.25], "texture": "#3"},
				"east": {"uv": [0, 0, 1, 0.25], "texture": "#3"},
				"south": {"uv": [0, 0, 1, 0.25], "texture": "#3"},
				"west": {"uv": [0, 0, 1, 0.25], "texture": "#3"},
				"up": {"uv": [0, 0, 1, 1], "rotation": 90, "texture": "#3"},
				"down": {"uv": [0, 0, 1, 1], "rotation": 270, "texture": "#3"}
			}
		},
		{
			"from": [11.29431, -0.04, 6.79187],
			"to": [12.67431, 0.305, 8.17187],
			"rotation": {"angle": 22.5, "axis": "y", "origin": [19.57431, 11, 26.11187]},
			"faces": {
				"north": {"uv": [0, 0, 1, 0.25], "texture": "#3"},
				"east": {"uv": [0, 0, 1, 0.25], "texture": "#3"},
				"south": {"uv": [0, 0, 1, 0.25], "texture": "#3"},
				"west": {"uv": [0, 0, 1, 0.25], "texture": "#3"},
				"up": {"uv": [0, 0, 1, 1], "texture": "#3"},
				"down": {"uv": [0, 0, 1, 1], "texture": "#3"}
			}
		},
		{
			"from": [3.32569, -0.04, 6.79187],
			"to": [4.70569, 0.305, 8.17187],
			"rotation": {"angle": -22.5, "axis": "y", "origin": [-3.57431, 11, 26.11187]},
			"faces": {
				"north": {"uv": [1, 0, 2, 0.25], "texture": "#3"},
				"east": {"uv": [1, 0, 2, 0.25], "texture": "#3"},
				"south": {"uv": [1, 0, 2, 0.25], "texture": "#3"},
				"west": {"uv": [1, 0, 2, 0.25], "texture": "#3"},
				"up": {"uv": [1, 0, 2, 1], "texture": "#3"},
				"down": {"uv": [1, 0, 2, 1], "texture": "#3"}
			}
		},
		{
			"from": [10.08886, -0.04, 10.05114],
			"to": [11.46886, 0.305, 11.43114],
			"faces": {
				"north": {"uv": [1, 0, 2, 0.25], "texture": "#3"},
				"east": {"uv": [1, 0, 2, 0.25], "texture": "#3"},
				"south": {"uv": [1, 0, 2, 0.25], "texture": "#3"},
				"west": {"uv": [1, 0, 2, 0.25], "texture": "#3"},
				"up": {"uv": [1, 0, 2, 1], "texture": "#3"},
				"down": {"uv": [1, 0, 2, 1], "texture": "#3"}
			}
		},
		{
			"from": [4.53114, -0.04, 10.05114],
			"to": [5.91114, 0.305, 11.43114],
			"faces": {
				"north": {"uv": [0, 0, 1, 0.25], "texture": "#3"},
				"east": {"uv": [0, 0, 1, 0.25], "texture": "#3"},
				"south": {"uv": [0, 0, 1, 0.25], "texture": "#3"},
				"west": {"uv": [0, 0, 1, 0.25], "texture": "#3"},
				"up": {"uv": [0, 0, 1, 1], "texture": "#3"},
				"down": {"uv": [0, 0, 1, 1], "texture": "#3"}
			}
		},
		{
			"from": [7.31, 7.55, 14.21],
			"to": [8.69, 9.62, 14.555],
			"faces": {
				"north": {"uv": [0, 0, 1, 1.5], "texture": "#2"},
				"east": {"uv": [0, 0, 0.25, 1.5], "texture": "#2"},
				"south": {"uv": [0, 0, 1, 1.5], "texture": "#2"},
				"west": {"uv": [0, 0, 0.25, 1.5], "texture": "#2"},
				"up": {"uv": [0, 0, 1, 0.25], "texture": "#2"},
				"down": {"uv": [0, 0, 1, 0.25], "texture": "#2"}
			}
		},
		{
			"from": [3.382, 7.55, 15.81483],
			"to": [4.762, 9.62, 16.15983],
			"rotation": {"angle": 22.5, "axis": "y", "origin": [2.002, 15.83, 2.01483]},
			"faces": {
				"north": {"uv": [0, 0, 1, 1.5], "texture": "#2"},
				"east": {"uv": [0, 0, 0.25, 1.5], "texture": "#2"},
				"south": {"uv": [0, 0, 1, 1.5], "texture": "#2"},
				"west": {"uv": [0, 0, 0.25, 1.5], "texture": "#2"},
				"up": {"uv": [0, 0, 1, 0.25], "texture": "#2"},
				"down": {"uv": [0, 0, 1, 0.25], "texture": "#2"}
			}
		},
		{
			"from": [11.44811, 7.55, 14.75862],
			"to": [12.82811, 9.62, 15.10362],
			"rotation": {"angle": -22.5, "axis": "y", "origin": [11.44811, 15.83, 0.95862]},
			"faces": {
				"north": {"uv": [0, 0, 1, 1.5], "texture": "#2"},
				"east": {"uv": [0, 0, 0.25, 1.5], "texture": "#2"},
				"south": {"uv": [0, 0, 1, 1.5], "texture": "#2"},
				"west": {"uv": [0, 0, 0.25, 1.5], "texture": "#2"},
				"up": {"uv": [0, 0, 1, 0.25], "texture": "#2"},
				"down": {"uv": [0, 0, 1, 0.25], "texture": "#2"}
			}
		},
		{
			"from": [0.36712, 7.55, 18.80068],
			"to": [2.09212, 9.62, 19.14568],
			"rotation": {"angle": 45, "axis": "y", "origin": [-1.01288, 15.83, 5.00068]},
			"faces": {
				"north": {"uv": [0, 0, 1, 1.5], "texture": "#2"},
				"east": {"uv": [0, 0, 1, 1.5], "texture": "#2"},
				"south": {"uv": [0, 0, 1, 1.5], "texture": "#2"},
				"west": {"uv": [0, 0, 1, 1.5], "texture": "#2"},
				"up": {"uv": [0, 0, 1, 1.5], "texture": "#2"},
				"down": {"uv": [0, 0, 1, 1.5], "texture": "#2"}
			}
		},
		{
			"from": [13.90788, 7.55, 18.80068],
			"to": [15.63288, 9.62, 19.14568],
			"rotation": {"angle": -45, "axis": "y", "origin": [17.01288, 15.83, 5.00068]},
			"faces": {
				"north": {"uv": [0, 1, 1.25, 2], "texture": "#2"},
				"east": {"uv": [0, 1, 1.25, 2], "texture": "#2"},
				"south": {"uv": [0, 1, 1.25, 2], "texture": "#2"},
				"west": {"uv": [0, 1, 1.25, 2], "texture": "#2"},
				"up": {"uv": [0, 1, 1.25, 2], "texture": "#2"},
				"down": {"uv": [0, 1, 1.25, 2], "texture": "#2"}
			}
		},
		{
			"from": [-0.97, 2.03, 12.83],
			"to": [16.97, 13.07, 12.83],
			"faces": {
				"north": {"uv": [0, 0, 16, 16], "texture": "#0"},
				"east": {"uv": [0, 0, 16, 16], "texture": "#0"},
				"south": {"uv": [0, 0, 16, 16], "texture": "#0"},
				"west": {"uv": [0, 0, 16, 16], "texture": "#0"},
				"up": {"uv": [0, 0, 16, 16], "texture": "#0"},
				"down": {"uv": [0, 0, 16, 16], "texture": "#0"}
			}
		},
		{
			"from": [16.625, 2.03, 12.485],
			"to": [16.97, 13.07, 12.83],
			"faces": {
				"north": {"uv": [0, 0, 16, 16], "texture": "#0"},
				"east": {"uv": [0, 0, 16, 16], "texture": "#0"},
				"south": {"uv": [0, 0, 16, 16], "texture": "#0"},
				"west": {"uv": [0, 0, 16, 16], "texture": "#0"},
				"up": {"uv": [0, 0, 16, 16], "texture": "#0"},
				"down": {"uv": [0, 0, 16, 16], "texture": "#0"}
			}
		},
		{
			"from": [-0.97, 2.03, 12.485],
			"to": [-0.625, 13.07, 12.83],
			"faces": {
				"north": {"uv": [0, 0, 16, 16], "texture": "#0"},
				"east": {"uv": [0, 0, 0.25, 8], "texture": "#0"},
				"south": {"uv": [0, 0, 0.25, 8], "texture": "#0"},
				"west": {"uv": [0, 0, 0.25, 8], "texture": "#0"},
				"up": {"uv": [0, 0, 0.25, 8], "texture": "#0"},
				"down": {"uv": [0, 0, 0.25, 8], "texture": "#0"}
			}
		},
		{
			"from": [-0.625, 12.725, 12.485],
			"to": [16.625, 13.07, 12.83],
			"faces": {
				"north": {"uv": [0, 0, 16, 16], "texture": "#0"},
				"east": {"uv": [0, 0, 12.5, 0.25], "texture": "#0"},
				"south": {"uv": [0, 0, 12.5, 0.25], "texture": "#0"},
				"west": {"uv": [0, 0, 12.5, 0.25], "texture": "#0"},
				"up": {"uv": [0, 0, 12.5, 0.25], "texture": "#0"},
				"down": {"uv": [0, 0, 12.5, 0.25], "texture": "#0"}
			}
		},
		{
			"from": [-0.625, 2.03, 12.485],
			"to": [16.625, 2.375, 12.83],
			"faces": {
				"north": {"uv": [0, 0, 16, 16], "texture": "#0"},
				"east": {"uv": [0, 0, 12.5, 0.25], "texture": "#0"},
				"south": {"uv": [0, 0, 12.5, 0.25], "texture": "#0"},
				"west": {"uv": [0, 0, 12.5, 0.25], "texture": "#0"},
				"up": {"uv": [0, 0, 12.5, 0.25], "texture": "#0"},
				"down": {"uv": [0, 0, 12.5, 0.25], "texture": "#0"}
			}
		},
		{
			"from": [-0.625, 2.375, 12.485],
			"to": [16.625, 12.725, 12.485],
			"faces": {
				"north": {"uv": [0, 0, 16, 16], "texture": "#4"},
				"east": {"uv": [0, 0, 16, 16], "texture": "#4"},
				"south": {"uv": [0, 0, 16, 16], "texture": "#4"},
				"west": {"uv": [0, 0, 16, 16], "texture": "#4"},
				"up": {"uv": [0, 0, 16, 16], "texture": "#4"},
				"down": {"uv": [0, 0, 16, 16], "texture": "#4"}
			}
		},
		{
			"from": [3.9, 0, 2.3],
			"to": [15, 0.5, 6],
			"faces": {
				"north": {"uv": [0, 0, 11.1, 0.5], "texture": "#0"},
				"east": {"uv": [0, 0, 3.7, 0.5], "texture": "#0"},
				"south": {"uv": [0, 0, 11.1, 0.5], "texture": "#0"},
				"west": {"uv": [0, 0, 3.7, 0.5], "texture": "#0"},
				"up": {"uv": [0, 0, 11.1, 3.7], "texture": "#0"},
				"down": {"uv": [0, 0, 11.1, 3.7], "texture": "#0"}
			}
		},
		{
			"from": [14.55, 0.25, 5.5],
			"to": [14.8, 0.55, 5.8],
			"faces": {
				"north": {"uv": [0, 0, 0.25, 0.3], "texture": "#3"},
				"east": {"uv": [0, 0, 0.25, 0.3], "texture": "#3"},
				"south": {"uv": [0, 0, 0.25, 0.3], "texture": "#3"},
				"west": {"uv": [0, 0, 0.25, 0.3], "texture": "#3"},
				"up": {"uv": [0, 0, 0.25, 0.3], "texture": "#3"},
				"down": {"uv": [0, 0, 0.25, 0.3], "texture": "#3"}
			}
		},
		{
			"from": [13.85, 0.25, 5.5],
			"to": [14.2, 0.55, 5.8],
			"faces": {
				"north": {"uv": [0, 0, 0.35, 0.3], "texture": "#3"},
				"east": {"uv": [0, 0, 0.35, 0.3], "texture": "#3"},
				"south": {"uv": [0, 0, 0.35, 0.3], "texture": "#3"},
				"west": {"uv": [0, 0, 0.35, 0.3], "texture": "#3"},
				"up": {"uv": [0, 0, 0.35, 0.3], "texture": "#3"},
				"down": {"uv": [0, 0, 0.35, 0.3], "texture": "#3"}
			}
		},
		{
			"from": [12.35, 0.25, 5.5],
			"to": [12.7, 0.55, 5.8],
			"faces": {
				"north": {"uv": [0, 0, 0.35, 0.3], "texture": "#3"},
				"east": {"uv": [0, 0, 0.35, 0.3], "texture": "#3"},
				"south": {"uv": [0, 0, 0.35, 0.3], "texture": "#3"},
				"west": {"uv": [0, 0, 0.35, 0.3], "texture": "#3"},
				"up": {"uv": [0, 0, 0.35, 0.3], "texture": "#3"},
				"down": {"uv": [0, 0, 0.35, 0.3], "texture": "#3"}
			}
		},
		{
			"from": [12.85, 0.25, 5.5],
			"to": [13.2, 0.55, 5.8],
			"faces": {
				"north": {"uv": [0, 0, 0.35, 0.3], "texture": "#3"},
				"east": {"uv": [0, 0, 0.35, 0.3], "texture": "#3"},
				"south": {"uv": [0, 0, 0.35, 0.3], "texture": "#3"},
				"west": {"uv": [0, 0, 0.35, 0.3], "texture": "#3"},
				"up": {"uv": [0, 0, 0.35, 0.3], "texture": "#3"},
				"down": {"uv": [0, 0, 0.35, 0.3], "texture": "#3"}
			}
		},
		{
			"from": [13.35, 0.25, 5.5],
			"to": [13.7, 0.55, 5.8],
			"faces": {
				"north": {"uv": [0, 0, 0.35, 0.3], "texture": "#3"},
				"east": {"uv": [0, 0, 0.35, 0.3], "texture": "#3"},
				"south": {"uv": [0, 0, 0.35, 0.3], "texture": "#3"},
				"west": {"uv": [0, 0, 0.35, 0.3], "texture": "#3"},
				"up": {"uv": [0, 0, 0.35, 0.3], "texture": "#3"},
				"down": {"uv": [0, 0, 0.35, 0.3], "texture": "#3"}
			}
		},
		{
			"from": [11.65, 0.25, 5.5],
			"to": [12, 0.55, 5.8],
			"faces": {
				"north": {"uv": [0, 0, 0.35, 0.3], "texture": "#3"},
				"east": {"uv": [0, 0, 0.35, 0.3], "texture": "#3"},
				"south": {"uv": [0, 0, 0.35, 0.3], "texture": "#3"},
				"west": {"uv": [0, 0, 0.35, 0.3], "texture": "#3"},
				"up": {"uv": [0, 0, 0.35, 0.3], "texture": "#3"},
				"down": {"uv": [0, 0, 0.35, 0.3], "texture": "#3"}
			}
		},
		{
			"from": [11.05, 0.25, 5.5],
			"to": [11.4, 0.55, 5.8],
			"faces": {
				"north": {"uv": [0, 0, 0.35, 0.3], "texture": "#3"},
				"east": {"uv": [0, 0, 0.35, 0.3], "texture": "#3"},
				"south": {"uv": [0, 0, 0.35, 0.3], "texture": "#3"},
				"west": {"uv": [0, 0, 0.35, 0.3], "texture": "#3"},
				"up": {"uv": [0, 0, 0.35, 0.3], "texture": "#3"},
				"down": {"uv": [0, 0, 0.35, 0.3], "texture": "#3"}
			}
		},
		{
			"from": [10.45, 0.25, 5.5],
			"to": [10.8, 0.55, 5.8],
			"faces": {
				"north": {"uv": [0, 0, 0.35, 0.3], "texture": "#3"},
				"east": {"uv": [0, 0, 0.35, 0.3], "texture": "#3"},
				"south": {"uv": [0, 0, 0.35, 0.3], "texture": "#3"},
				"west": {"uv": [0, 0, 0.35, 0.3], "texture": "#3"},
				"up": {"uv": [0, 0, 0.35, 0.3], "texture": "#3"},
				"down": {"uv": [0, 0, 0.35, 0.3], "texture": "#3"}
			}
		},
		{
			"from": [9.85, 0.25, 5.5],
			"to": [10.2, 0.55, 5.8],
			"faces": {
				"north": {"uv": [0, 0, 0.35, 0.3], "texture": "#3"},
				"east": {"uv": [0, 0, 0.35, 0.3], "texture": "#3"},
				"south": {"uv": [0, 0, 0.35, 0.3], "texture": "#3"},
				"west": {"uv": [0, 0, 0.35, 0.3], "texture": "#3"},
				"up": {"uv": [0, 0, 0.35, 0.3], "texture": "#3"},
				"down": {"uv": [0, 0, 0.35, 0.3], "texture": "#3"}
			}
		},
		{
			"from": [9.15, 0.25, 5.5],
			"to": [9.5, 0.55, 5.8],
			"faces": {
				"north": {"uv": [0, 0, 0.35, 0.3], "texture": "#3"},
				"east": {"uv": [0, 0, 0.35, 0.3], "texture": "#3"},
				"south": {"uv": [0, 0, 0.35, 0.3], "texture": "#3"},
				"west": {"uv": [0, 0, 0.35, 0.3], "texture": "#3"},
				"up": {"uv": [0, 0, 0.35, 0.3], "texture": "#3"},
				"down": {"uv": [0, 0, 0.35, 0.3], "texture": "#3"}
			}
		},
		{
			"from": [8.55, 0.25, 5.5],
			"to": [8.9, 0.55, 5.8],
			"faces": {
				"north": {"uv": [0, 0, 0.35, 0.3], "texture": "#3"},
				"east": {"uv": [0, 0, 0.35, 0.3], "texture": "#3"},
				"south": {"uv": [0, 0, 0.35, 0.3], "texture": "#3"},
				"west": {"uv": [0, 0, 0.35, 0.3], "texture": "#3"},
				"up": {"uv": [0, 0, 0.35, 0.3], "texture": "#3"},
				"down": {"uv": [0, 0, 0.35, 0.3], "texture": "#3"}
			}
		},
		{
			"from": [7.95, 0.25, 5.5],
			"to": [8.3, 0.55, 5.8],
			"faces": {
				"north": {"uv": [0, 0, 0.35, 0.3], "texture": "#3"},
				"east": {"uv": [0, 0, 0.35, 0.3], "texture": "#3"},
				"south": {"uv": [0, 0, 0.35, 0.3], "texture": "#3"},
				"west": {"uv": [0, 0, 0.35, 0.3], "texture": "#3"},
				"up": {"uv": [0, 0, 0.35, 0.3], "texture": "#3"},
				"down": {"uv": [0, 0, 0.35, 0.3], "texture": "#3"}
			}
		},
		{
			"from": [7.35, 0.25, 5.5],
			"to": [7.7, 0.55, 5.8],
			"faces": {
				"north": {"uv": [0, 0, 0.35, 0.3], "texture": "#3"},
				"east": {"uv": [0, 0, 0.35, 0.3], "texture": "#3"},
				"south": {"uv": [0, 0, 0.35, 0.3], "texture": "#3"},
				"west": {"uv": [0, 0, 0.35, 0.3], "texture": "#3"},
				"up": {"uv": [0, 0, 0.35, 0.3], "texture": "#3"},
				"down": {"uv": [0, 0, 0.35, 0.3], "texture": "#3"}
			}
		},
		{
			"from": [6.75, 0.25, 4.9],
			"to": [7.1, 0.55, 5.2],
			"faces": {
				"north": {"uv": [0, 0, 0.35, 0.3], "texture": "#3"},
				"east": {"uv": [0, 0, 0.35, 0.3], "texture": "#3"},
				"south": {"uv": [0, 0, 0.35, 0.3], "texture": "#3"},
				"west": {"uv": [0, 0, 0.35, 0.3], "texture": "#3"},
				"up": {"uv": [0, 0, 0.35, 0.3], "texture": "#3"},
				"down": {"uv": [0, 0, 0.35, 0.3], "texture": "#3"}
			}
		},
		{
			"from": [6.25, 0.25, 5.5],
			"to": [6.6, 0.55, 5.8],
			"faces": {
				"north": {"uv": [0, 0, 0.35, 0.3], "texture": "#3"},
				"east": {"uv": [0, 0, 0.35, 0.3], "texture": "#3"},
				"south": {"uv": [0, 0, 0.35, 0.3], "texture": "#3"},
				"west": {"uv": [0, 0, 0.35, 0.3], "texture": "#3"},
				"up": {"uv": [0, 0, 0.35, 0.3], "texture": "#3"},
				"down": {"uv": [0, 0, 0.35, 0.3], "texture": "#3"}
			}
		},
		{
			"from": [5.75, 0.25, 5.5],
			"to": [6.1, 0.55, 5.8],
			"faces": {
				"north": {"uv": [0, 0, 0.35, 0.3], "texture": "#3"},
				"east": {"uv": [0, 0, 0.35, 0.3], "texture": "#3"},
				"south": {"uv": [0, 0, 0.35, 0.3], "texture": "#3"},
				"west": {"uv": [0, 0, 0.35, 0.3], "texture": "#3"},
				"up": {"uv": [0, 0, 0.35, 0.3], "texture": "#3"},
				"down": {"uv": [0, 0, 0.35, 0.3], "texture": "#3"}
			}
		},
		{
			"from": [14.55, 0.25, 4.9],
			"to": [14.9, 0.55, 5.2],
			"faces": {
				"north": {"uv": [0, 0, 0.35, 0.3], "texture": "#3"},
				"east": {"uv": [0, 0, 0.35, 0.3], "texture": "#3"},
				"south": {"uv": [0, 0, 0.35, 0.3], "texture": "#3"},
				"west": {"uv": [0, 0, 0.35, 0.3], "texture": "#3"},
				"up": {"uv": [0, 0, 0.35, 0.3], "texture": "#3"},
				"down": {"uv": [0, 0, 0.35, 0.3], "texture": "#3"}
			}
		},
		{
			"from": [14.05, 0.25, 4.9],
			"to": [14.4, 0.55, 5.2],
			"faces": {
				"north": {"uv": [0, 0, 0.35, 0.3], "texture": "#3"},
				"east": {"uv": [0, 0, 0.35, 0.3], "texture": "#3"},
				"south": {"uv": [0, 0, 0.35, 0.3], "texture": "#3"},
				"west": {"uv": [0, 0, 0.35, 0.3], "texture": "#3"},
				"up": {"uv": [0, 0, 0.35, 0.3], "texture": "#3"},
				"down": {"uv": [0, 0, 0.35, 0.3], "texture": "#3"}
			}
		},
		{
			"from": [13.55, 0.25, 4.9],
			"to": [13.9, 0.55, 5.2],
			"faces": {
				"north": {"uv": [0, 0, 0.35, 0.3], "texture": "#3"},
				"east": {"uv": [0, 0, 0.35, 0.3], "texture": "#3"},
				"south": {"uv": [0, 0, 0.35, 0.3], "texture": "#3"},
				"west": {"uv": [0, 0, 0.35, 0.3], "texture": "#3"},
				"up": {"uv": [0, 0, 0.35, 0.3], "texture": "#3"},
				"down": {"uv": [0, 0, 0.35, 0.3], "texture": "#3"}
			}
		},
		{
			"from": [13.05, 0.25, 4.9],
			"to": [13.4, 0.55, 5.2],
			"faces": {
				"north": {"uv": [0, 0, 0.35, 0.3], "texture": "#3"},
				"east": {"uv": [0, 0, 0.35, 0.3], "texture": "#3"},
				"south": {"uv": [0, 0, 0.35, 0.3], "texture": "#3"},
				"west": {"uv": [0, 0, 0.35, 0.3], "texture": "#3"},
				"up": {"uv": [0, 0, 0.35, 0.3], "texture": "#3"},
				"down": {"uv": [0, 0, 0.35, 0.3], "texture": "#3"}
			}
		},
		{
			"from": [12.55, 0.25, 4.9],
			"to": [12.9, 0.55, 5.2],
			"faces": {
				"north": {"uv": [0, 0, 0.35, 0.3], "texture": "#3"},
				"east": {"uv": [0, 0, 0.35, 0.3], "texture": "#3"},
				"south": {"uv": [0, 0, 0.35, 0.3], "texture": "#3"},
				"west": {"uv": [0, 0, 0.35, 0.3], "texture": "#3"},
				"up": {"uv": [0, 0, 0.35, 0.3], "texture": "#3"},
				"down": {"uv": [0, 0, 0.35, 0.3], "texture": "#3"}
			}
		},
		{
			"from": [12.05, 0.25, 4.9],
			"to": [12.4, 0.55, 5.2],
			"faces": {
				"north": {"uv": [0, 0, 0.35, 0.3], "texture": "#3"},
				"east": {"uv": [0, 0, 0.35, 0.3], "texture": "#3"},
				"south": {"uv": [0, 0, 0.35, 0.3], "texture": "#3"},
				"west": {"uv": [0, 0, 0.35, 0.3], "texture": "#3"},
				"up": {"uv": [0, 0, 0.35, 0.3], "texture": "#3"},
				"down": {"uv": [0, 0, 0.35, 0.3], "texture": "#3"}
			}
		},
		{
			"from": [11.05, 0.25, 4.9],
			"to": [11.4, 0.55, 5.2],
			"faces": {
				"north": {"uv": [0, 0, 0.35, 0.3], "texture": "#3"},
				"east": {"uv": [0, 0, 0.35, 0.3], "texture": "#3"},
				"south": {"uv": [0, 0, 0.35, 0.3], "texture": "#3"},
				"west": {"uv": [0, 0, 0.35, 0.3], "texture": "#3"},
				"up": {"uv": [0, 0, 0.35, 0.3], "texture": "#3"},
				"down": {"uv": [0, 0, 0.35, 0.3], "texture": "#3"}
			}
		},
		{
			"from": [11.55, 0.25, 4.9],
			"to": [11.9, 0.55, 5.2],
			"faces": {
				"north": {"uv": [0, 0, 0.35, 0.3], "texture": "#3"},
				"east": {"uv": [0, 0, 0.35, 0.3], "texture": "#3"},
				"south": {"uv": [0, 0, 0.35, 0.3], "texture": "#3"},
				"west": {"uv": [0, 0, 0.35, 0.3], "texture": "#3"},
				"up": {"uv": [0, 0, 0.35, 0.3], "texture": "#3"},
				"down": {"uv": [0, 0, 0.35, 0.3], "texture": "#3"}
			}
		},
		{
			"from": [10.55, 0.25, 4.9],
			"to": [10.9, 0.55, 5.2],
			"faces": {
				"north": {"uv": [0, 0, 0.35, 0.3], "texture": "#3"},
				"east": {"uv": [0, 0, 0.35, 0.3], "texture": "#3"},
				"south": {"uv": [0, 0, 0.35, 0.3], "texture": "#3"},
				"west": {"uv": [0, 0, 0.35, 0.3], "texture": "#3"},
				"up": {"uv": [0, 0, 0.35, 0.3], "texture": "#3"},
				"down": {"uv": [0, 0, 0.35, 0.3], "texture": "#3"}
			}
		},
		{
			"from": [10.05, 0.25, 4.9],
			"to": [10.4, 0.55, 5.2],
			"faces": {
				"north": {"uv": [0, 0, 0.35, 0.3], "texture": "#3"},
				"east": {"uv": [0, 0, 0.35, 0.3], "texture": "#3"},
				"south": {"uv": [0, 0, 0.35, 0.3], "texture": "#3"},
				"west": {"uv": [0, 0, 0.35, 0.3], "texture": "#3"},
				"up": {"uv": [0, 0, 0.35, 0.3], "texture": "#3"},
				"down": {"uv": [0, 0, 0.35, 0.3], "texture": "#3"}
			}
		},
		{
			"from": [9.55, 0.25, 4.9],
			"to": [9.9, 0.55, 5.2],
			"faces": {
				"north": {"uv": [0, 0, 0.35, 0.3], "texture": "#3"},
				"east": {"uv": [0, 0, 0.35, 0.3], "texture": "#3"},
				"south": {"uv": [0, 0, 0.35, 0.3], "texture": "#3"},
				"west": {"uv": [0, 0, 0.35, 0.3], "texture": "#3"},
				"up": {"uv": [0, 0, 0.35, 0.3], "texture": "#3"},
				"down": {"uv": [0, 0, 0.35, 0.3], "texture": "#3"}
			}
		},
		{
			"from": [9.05, 0.25, 4.9],
			"to": [9.4, 0.55, 5.2],
			"faces": {
				"north": {"uv": [0, 0, 0.35, 0.3], "texture": "#3"},
				"east": {"uv": [0, 0, 0.35, 0.3], "texture": "#3"},
				"south": {"uv": [0, 0, 0.35, 0.3], "texture": "#3"},
				"west": {"uv": [0, 0, 0.35, 0.3], "texture": "#3"},
				"up": {"uv": [0, 0, 0.35, 0.3], "texture": "#3"},
				"down": {"uv": [0, 0, 0.35, 0.3], "texture": "#3"}
			}
		},
		{
			"from": [8.55, 0.25, 4.9],
			"to": [8.9, 0.55, 5.2],
			"faces": {
				"north": {"uv": [0, 0, 0.35, 0.3], "texture": "#3"},
				"east": {"uv": [0, 0, 0.35, 0.3], "texture": "#3"},
				"south": {"uv": [0, 0, 0.35, 0.3], "texture": "#3"},
				"west": {"uv": [0, 0, 0.35, 0.3], "texture": "#3"},
				"up": {"uv": [0, 0, 0.35, 0.3], "texture": "#3"},
				"down": {"uv": [0, 0, 0.35, 0.3], "texture": "#3"}
			}
		},
		{
			"from": [7.45, 0.25, 4.9],
			"to": [8.4, 0.55, 5.2],
			"faces": {
				"north": {"uv": [0, 0, 0.95, 0.3], "texture": "#3"},
				"east": {"uv": [0, 0, 0.95, 0.3], "texture": "#3"},
				"south": {"uv": [0, 0, 0.95, 0.3], "texture": "#3"},
				"west": {"uv": [0, 0, 0.95, 0.3], "texture": "#3"},
				"up": {"uv": [0, 0, 0.95, 0.3], "texture": "#3"},
				"down": {"uv": [0, 0, 0.95, 0.3], "texture": "#3"}
			}
		},
		{
			"from": [14.35, 0.25, 4.4],
			"to": [14.9, 0.55, 4.7],
			"faces": {
				"north": {"uv": [0, 0, 0.55, 0.3], "texture": "#3"},
				"east": {"uv": [0, 0, 0.55, 0.3], "texture": "#3"},
				"south": {"uv": [0, 0, 0.55, 0.3], "texture": "#3"},
				"west": {"uv": [0, 0, 0.55, 0.3], "texture": "#3"},
				"up": {"uv": [0, 0, 0.55, 0.3], "texture": "#3"},
				"down": {"uv": [0, 0, 0.55, 0.3], "texture": "#3"}
			}
		},
		{
			"from": [13.85, 0.25, 4.4],
			"to": [14.2, 0.55, 4.7],
			"faces": {
				"north": {"uv": [0, 0, 0.35, 0.3], "texture": "#3"},
				"east": {"uv": [0, 0, 0.35, 0.3], "texture": "#3"},
				"south": {"uv": [0, 0, 0.35, 0.3], "texture": "#3"},
				"west": {"uv": [0, 0, 0.35, 0.3], "texture": "#3"},
				"up": {"uv": [0, 0, 0.35, 0.3], "texture": "#3"},
				"down": {"uv": [0, 0, 0.35, 0.3], "texture": "#3"}
			}
		},
		{
			"from": [13.35, 0.25, 4.4],
			"to": [13.7, 0.55, 4.7],
			"faces": {
				"north": {"uv": [0, 0, 0.35, 0.3], "texture": "#3"},
				"east": {"uv": [0, 0, 0.35, 0.3], "texture": "#3"},
				"south": {"uv": [0, 0, 0.35, 0.3], "texture": "#3"},
				"west": {"uv": [0, 0, 0.35, 0.3], "texture": "#3"},
				"up": {"uv": [0, 0, 0.35, 0.3], "texture": "#3"},
				"down": {"uv": [0, 0, 0.35, 0.3], "texture": "#3"}
			}
		},
		{
			"from": [12.85, 0.25, 4.4],
			"to": [13.2, 0.55, 4.7],
			"faces": {
				"north": {"uv": [0, 0, 0.35, 0.3], "texture": "#3"},
				"east": {"uv": [0, 0, 0.35, 0.3], "texture": "#3"},
				"south": {"uv": [0, 0, 0.35, 0.3], "texture": "#3"},
				"west": {"uv": [0, 0, 0.35, 0.3], "texture": "#3"},
				"up": {"uv": [0, 0, 0.35, 0.3], "texture": "#3"},
				"down": {"uv": [0, 0, 0.35, 0.3], "texture": "#3"}
			}
		},
		{
			"from": [12.35, 0.25, 4.4],
			"to": [12.7, 0.55, 4.7],
			"faces": {
				"north": {"uv": [0, 0, 0.35, 0.3], "texture": "#3"},
				"east": {"uv": [0, 0, 0.35, 0.3], "texture": "#3"},
				"south": {"uv": [0, 0, 0.35, 0.3], "texture": "#3"},
				"west": {"uv": [0, 0, 0.35, 0.3], "texture": "#3"},
				"up": {"uv": [0, 0, 0.35, 0.3], "texture": "#3"},
				"down": {"uv": [0, 0, 0.35, 0.3], "texture": "#3"}
			}
		},
		{
			"from": [11.85, 0.25, 4.4],
			"to": [12.2, 0.55, 4.7],
			"faces": {
				"north": {"uv": [0, 0, 0.35, 0.3], "texture": "#3"},
				"east": {"uv": [0, 0, 0.35, 0.3], "texture": "#3"},
				"south": {"uv": [0, 0, 0.35, 0.3], "texture": "#3"},
				"west": {"uv": [0, 0, 0.35, 0.3], "texture": "#3"},
				"up": {"uv": [0, 0, 0.35, 0.3], "texture": "#3"},
				"down": {"uv": [0, 0, 0.35, 0.3], "texture": "#3"}
			}
		},
		{
			"from": [11.35, 0.25, 4.4],
			"to": [11.7, 0.55, 4.7],
			"faces": {
				"north": {"uv": [0, 0, 0.35, 0.3], "texture": "#3"},
				"east": {"uv": [0, 0, 0.35, 0.3], "texture": "#3"},
				"south": {"uv": [0, 0, 0.35, 0.3], "texture": "#3"},
				"west": {"uv": [0, 0, 0.35, 0.3], "texture": "#3"},
				"up": {"uv": [0, 0, 0.35, 0.3], "texture": "#3"},
				"down": {"uv": [0, 0, 0.35, 0.3], "texture": "#3"}
			}
		},
		{
			"from": [10.85, 0.25, 4.4],
			"to": [11.2, 0.55, 4.7],
			"faces": {
				"north": {"uv": [0, 0, 0.35, 0.3], "texture": "#3"},
				"east": {"uv": [0, 0, 0.35, 0.3], "texture": "#3"},
				"south": {"uv": [0, 0, 0.35, 0.3], "texture": "#3"},
				"west": {"uv": [0, 0, 0.35, 0.3], "texture": "#3"},
				"up": {"uv": [0, 0, 0.35, 0.3], "texture": "#3"},
				"down": {"uv": [0, 0, 0.35, 0.3], "texture": "#3"}
			}
		},
		{
			"from": [10.35, 0.25, 4.4],
			"to": [10.7, 0.55, 4.7],
			"faces": {
				"north": {"uv": [0, 0, 0.35, 0.3], "texture": "#3"},
				"east": {"uv": [0, 0, 0.35, 0.3], "texture": "#3"},
				"south": {"uv": [0, 0, 0.35, 0.3], "texture": "#3"},
				"west": {"uv": [0, 0, 0.35, 0.3], "texture": "#3"},
				"up": {"uv": [0, 0, 0.35, 0.3], "texture": "#3"},
				"down": {"uv": [0, 0, 0.35, 0.3], "texture": "#3"}
			}
		},
		{
			"from": [9.85, 0.25, 4.4],
			"to": [10.2, 0.55, 4.7],
			"faces": {
				"north": {"uv": [0, 0, 0.35, 0.3], "texture": "#3"},
				"east": {"uv": [0, 0, 0.35, 0.3], "texture": "#3"},
				"south": {"uv": [0, 0, 0.35, 0.3], "texture": "#3"},
				"west": {"uv": [0, 0, 0.35, 0.3], "texture": "#3"},
				"up": {"uv": [0, 0, 0.35, 0.3], "texture": "#3"},
				"down": {"uv": [0, 0, 0.35, 0.3], "texture": "#3"}
			}
		},
		{
			"from": [9.35, 0.25, 4.4],
			"to": [9.7, 0.55, 4.7],
			"faces": {
				"north": {"uv": [0, 0, 0.35, 0.3], "texture": "#3"},
				"east": {"uv": [0, 0, 0.35, 0.3], "texture": "#3"},
				"south": {"uv": [0, 0, 0.35, 0.3], "texture": "#3"},
				"west": {"uv": [0, 0, 0.35, 0.3], "texture": "#3"},
				"up": {"uv": [0, 0, 0.35, 0.3], "texture": "#3"},
				"down": {"uv": [0, 0, 0.35, 0.3], "texture": "#3"}
			}
		},
		{
			"from": [8.85, 0.25, 4.4],
			"to": [9.2, 0.55, 4.7],
			"faces": {
				"north": {"uv": [0, 0, 0.35, 0.3], "texture": "#3"},
				"east": {"uv": [0, 0, 0.35, 0.3], "texture": "#3"},
				"south": {"uv": [0, 0, 0.35, 0.3], "texture": "#3"},
				"west": {"uv": [0, 0, 0.35, 0.3], "texture": "#3"},
				"up": {"uv": [0, 0, 0.35, 0.3], "texture": "#3"},
				"down": {"uv": [0, 0, 0.35, 0.3], "texture": "#3"}
			}
		},
		{
			"from": [8.35, 0.25, 4.4],
			"to": [8.7, 0.55, 4.7],
			"faces": {
				"north": {"uv": [0, 0, 0.35, 0.3], "texture": "#3"},
				"east": {"uv": [0, 0, 0.35, 0.3], "texture": "#3"},
				"south": {"uv": [0, 0, 0.35, 0.3], "texture": "#3"},
				"west": {"uv": [0, 0, 0.35, 0.3], "texture": "#3"},
				"up": {"uv": [0, 0, 0.35, 0.3], "texture": "#3"},
				"down": {"uv": [0, 0, 0.35, 0.3], "texture": "#3"}
			}
		},
		{
			"from": [14.25, 0.25, 3.9],
			"to": [14.9, 0.55, 4.2],
			"faces": {
				"north": {"uv": [0, 0, 0.65, 0.3], "texture": "#3"},
				"east": {"uv": [0, 0, 0.65, 0.3], "texture": "#3"},
				"south": {"uv": [0, 0, 0.65, 0.3], "texture": "#3"},
				"west": {"uv": [0, 0, 0.65, 0.3], "texture": "#3"},
				"up": {"uv": [0, 0, 0.65, 0.3], "texture": "#3"},
				"down": {"uv": [0, 0, 0.65, 0.3], "texture": "#3"}
			}
		},
		{
			"from": [13.75, 0.25, 3.9],
			"to": [14.1, 0.55, 4.2],
			"faces": {
				"north": {"uv": [0, 0, 0.35, 0.3], "texture": "#3"},
				"east": {"uv": [0, 0, 0.35, 0.3], "texture": "#3"},
				"south": {"uv": [0, 0, 0.35, 0.3], "texture": "#3"},
				"west": {"uv": [0, 0, 0.35, 0.3], "texture": "#3"},
				"up": {"uv": [0, 0, 0.35, 0.3], "texture": "#3"},
				"down": {"uv": [0, 0, 0.35, 0.3], "texture": "#3"}
			}
		},
		{
			"from": [13.25, 0.25, 3.9],
			"to": [13.6, 0.55, 4.2],
			"faces": {
				"north": {"uv": [0, 0, 0.35, 0.3], "texture": "#3"},
				"east": {"uv": [0, 0, 0.35, 0.3], "texture": "#3"},
				"south": {"uv": [0, 0, 0.35, 0.3], "texture": "#3"},
				"west": {"uv": [0, 0, 0.35, 0.3], "texture": "#3"},
				"up": {"uv": [0, 0, 0.35, 0.3], "texture": "#3"},
				"down": {"uv": [0, 0, 0.35, 0.3], "texture": "#3"}
			}
		},
		{
			"from": [12.75, 0.25, 3.9],
			"to": [13.1, 0.55, 4.2],
			"faces": {
				"north": {"uv": [0, 0, 0.35, 0.3], "texture": "#3"},
				"east": {"uv": [0, 0, 0.35, 0.3], "texture": "#3"},
				"south": {"uv": [0, 0, 0.35, 0.3], "texture": "#3"},
				"west": {"uv": [0, 0, 0.35, 0.3], "texture": "#3"},
				"up": {"uv": [0, 0, 0.35, 0.3], "texture": "#3"},
				"down": {"uv": [0, 0, 0.35, 0.3], "texture": "#3"}
			}
		},
		{
			"from": [12.25, 0.25, 3.9],
			"to": [12.6, 0.55, 4.2],
			"faces": {
				"north": {"uv": [0, 0, 0.35, 0.3], "texture": "#3"},
				"east": {"uv": [0, 0, 0.35, 0.3], "texture": "#3"},
				"south": {"uv": [0, 0, 0.35, 0.3], "texture": "#3"},
				"west": {"uv": [0, 0, 0.35, 0.3], "texture": "#3"},
				"up": {"uv": [0, 0, 0.35, 0.3], "texture": "#3"},
				"down": {"uv": [0, 0, 0.35, 0.3], "texture": "#3"}
			}
		},
		{
			"from": [11.75, 0.25, 3.9],
			"to": [12.1, 0.55, 4.2],
			"faces": {
				"north": {"uv": [0, 0, 0.35, 0.3], "texture": "#3"},
				"east": {"uv": [0, 0, 0.35, 0.3], "texture": "#3"},
				"south": {"uv": [0, 0, 0.35, 0.3], "texture": "#3"},
				"west": {"uv": [0, 0, 0.35, 0.3], "texture": "#3"},
				"up": {"uv": [0, 0, 0.35, 0.3], "texture": "#3"},
				"down": {"uv": [0, 0, 0.35, 0.3], "texture": "#3"}
			}
		},
		{
			"from": [11.25, 0.25, 3.9],
			"to": [11.6, 0.55, 4.2],
			"faces": {
				"north": {"uv": [0, 0, 0.35, 0.3], "texture": "#3"},
				"east": {"uv": [0, 0, 0.35, 0.3], "texture": "#3"},
				"south": {"uv": [0, 0, 0.35, 0.3], "texture": "#3"},
				"west": {"uv": [0, 0, 0.35, 0.3], "texture": "#3"},
				"up": {"uv": [0, 0, 0.35, 0.3], "texture": "#3"},
				"down": {"uv": [0, 0, 0.35, 0.3], "texture": "#3"}
			}
		},
		{
			"from": [10.75, 0.25, 3.9],
			"to": [11.1, 0.55, 4.2],
			"faces": {
				"north": {"uv": [0, 0, 0.35, 0.3], "texture": "#3"},
				"east": {"uv": [0, 0, 0.35, 0.3], "texture": "#3"},
				"south": {"uv": [0, 0, 0.35, 0.3], "texture": "#3"},
				"west": {"uv": [0, 0, 0.35, 0.3], "texture": "#3"},
				"up": {"uv": [0, 0, 0.35, 0.3], "texture": "#3"},
				"down": {"uv": [0, 0, 0.35, 0.3], "texture": "#3"}
			}
		},
		{
			"from": [10.25, 0.25, 3.9],
			"to": [10.6, 0.55, 4.2],
			"faces": {
				"north": {"uv": [0, 0, 0.35, 0.3], "texture": "#3"},
				"east": {"uv": [0, 0, 0.35, 0.3], "texture": "#3"},
				"south": {"uv": [0, 0, 0.35, 0.3], "texture": "#3"},
				"west": {"uv": [0, 0, 0.35, 0.3], "texture": "#3"},
				"up": {"uv": [0, 0, 0.35, 0.3], "texture": "#3"},
				"down": {"uv": [0, 0, 0.35, 0.3], "texture": "#3"}
			}
		},
		{
			"from": [9.75, 0.25, 3.9],
			"to": [10.1, 0.55, 4.2],
			"faces": {
				"north": {"uv": [0, 0, 0.35, 0.3], "texture": "#3"},
				"east": {"uv": [0, 0, 0.35, 0.3], "texture": "#3"},
				"south": {"uv": [0, 0, 0.35, 0.3], "texture": "#3"},
				"west": {"uv": [0, 0, 0.35, 0.3], "texture": "#3"},
				"up": {"uv": [0, 0, 0.35, 0.3], "texture": "#3"},
				"down": {"uv": [0, 0, 0.35, 0.3], "texture": "#3"}
			}
		},
		{
			"from": [9.25, 0.25, 3.9],
			"to": [9.6, 0.55, 4.2],
			"faces": {
				"north": {"uv": [0, 0, 0.35, 0.3], "texture": "#3"},
				"east": {"uv": [0, 0, 0.35, 0.3], "texture": "#3"},
				"south": {"uv": [0, 0, 0.35, 0.3], "texture": "#3"},
				"west": {"uv": [0, 0, 0.35, 0.3], "texture": "#3"},
				"up": {"uv": [0, 0, 0.35, 0.3], "texture": "#3"},
				"down": {"uv": [0, 0, 0.35, 0.3], "texture": "#3"}
			}
		},
		{
			"from": [8.75, 0.25, 3.9],
			"to": [9.1, 0.55, 4.2],
			"faces": {
				"north": {"uv": [0, 0, 0.35, 0.3], "texture": "#3"},
				"east": {"uv": [0, 0, 0.35, 0.3], "texture": "#3"},
				"south": {"uv": [0, 0, 0.35, 0.3], "texture": "#3"},
				"west": {"uv": [0, 0, 0.35, 0.3], "texture": "#3"},
				"up": {"uv": [0, 0, 0.35, 0.3], "texture": "#3"},
				"down": {"uv": [0, 0, 0.35, 0.3], "texture": "#3"}
			}
		},
		{
			"from": [8.25, 0.25, 3.9],
			"to": [8.6, 0.55, 4.2],
			"faces": {
				"north": {"uv": [0, 0, 0.35, 0.3], "texture": "#3"},
				"east": {"uv": [0, 0, 0.35, 0.3], "texture": "#3"},
				"south": {"uv": [0, 0, 0.35, 0.3], "texture": "#3"},
				"west": {"uv": [0, 0, 0.35, 0.3], "texture": "#3"},
				"up": {"uv": [0, 0, 0.35, 0.3], "texture": "#3"},
				"down": {"uv": [0, 0, 0.35, 0.3], "texture": "#3"}
			}
		},
		{
			"from": [7.55, 0.25, 3.9],
			"to": [8.1, 0.55, 4.7],
			"faces": {
				"north": {"uv": [0, 0, 0.55, 0.8], "texture": "#3"},
				"east": {"uv": [0, 0, 0.55, 0.8], "texture": "#3"},
				"south": {"uv": [0, 0, 0.55, 0.8], "texture": "#3"},
				"west": {"uv": [0, 0, 0.55, 0.8], "texture": "#3"},
				"up": {"uv": [0, 0, 0.55, 0.8], "texture": "#3"},
				"down": {"uv": [0, 0, 0.55, 0.8], "texture": "#3"}
			}
		},
		{
			"from": [7.85, 0.25, 4.3],
			"to": [8.3, 0.55, 4.7],
			"faces": {
				"north": {"uv": [0, 0, 0.45, 0.4], "texture": "#3"},
				"east": {"uv": [0, 0, 0.45, 0.4], "texture": "#3"},
				"south": {"uv": [0, 0, 0.45, 0.4], "texture": "#3"},
				"west": {"uv": [0, 0, 0.45, 0.4], "texture": "#3"},
				"up": {"uv": [0, 0, 0.45, 0.4], "texture": "#3"},
				"down": {"uv": [0, 0, 0.45, 0.4], "texture": "#3"}
			}
		},
		{
			"from": [14.05, 0.25, 3.4],
			"to": [14.9, 0.55, 3.7],
			"faces": {
				"north": {"uv": [0, 0, 0.85, 0.3], "texture": "#3"},
				"east": {"uv": [0, 0, 0.85, 0.3], "texture": "#3"},
				"south": {"uv": [0, 0, 0.85, 0.3], "texture": "#3"},
				"west": {"uv": [0, 0, 0.85, 0.3], "texture": "#3"},
				"up": {"uv": [0, 0, 0.85, 0.3], "texture": "#3"},
				"down": {"uv": [0, 0, 0.85, 0.3], "texture": "#3"}
			}
		},
		{
			"from": [13.55, 0.25, 3.4],
			"to": [13.9, 0.55, 3.7],
			"faces": {
				"north": {"uv": [0, 0, 0.35, 0.3], "texture": "#3"},
				"east": {"uv": [0, 0, 0.35, 0.3], "texture": "#3"},
				"south": {"uv": [0, 0, 0.35, 0.3], "texture": "#3"},
				"west": {"uv": [0, 0, 0.35, 0.3], "texture": "#3"},
				"up": {"uv": [0, 0, 0.35, 0.3], "texture": "#3"},
				"down": {"uv": [0, 0, 0.35, 0.3], "texture": "#3"}
			}
		},
		{
			"from": [13.05, 0.25, 3.4],
			"to": [13.4, 0.55, 3.7],
			"faces": {
				"north": {"uv": [0, 0, 0.35, 0.3], "texture": "#3"},
				"east": {"uv": [0, 0, 0.35, 0.3], "texture": "#3"},
				"south": {"uv": [0, 0, 0.35, 0.3], "texture": "#3"},
				"west": {"uv": [0, 0, 0.35, 0.3], "texture": "#3"},
				"up": {"uv": [0, 0, 0.35, 0.3], "texture": "#3"},
				"down": {"uv": [0, 0, 0.35, 0.3], "texture": "#3"}
			}
		},
		{
			"from": [12.55, 0.25, 3.4],
			"to": [12.9, 0.55, 3.7],
			"faces": {
				"north": {"uv": [0, 0, 0.35, 0.3], "texture": "#3"},
				"east": {"uv": [0, 0, 0.35, 0.3], "texture": "#3"},
				"south": {"uv": [0, 0, 0.35, 0.3], "texture": "#3"},
				"west": {"uv": [0, 0, 0.35, 0.3], "texture": "#3"},
				"up": {"uv": [0, 0, 0.35, 0.3], "texture": "#3"},
				"down": {"uv": [0, 0, 0.35, 0.3], "texture": "#3"}
			}
		},
		{
			"from": [12.05, 0.25, 3.4],
			"to": [12.4, 0.55, 3.7],
			"faces": {
				"north": {"uv": [0, 0, 0.35, 0.3], "texture": "#3"},
				"east": {"uv": [0, 0, 0.35, 0.3], "texture": "#3"},
				"south": {"uv": [0, 0, 0.35, 0.3], "texture": "#3"},
				"west": {"uv": [0, 0, 0.35, 0.3], "texture": "#3"},
				"up": {"uv": [0, 0, 0.35, 0.3], "texture": "#3"},
				"down": {"uv": [0, 0, 0.35, 0.3], "texture": "#3"}
			}
		},
		{
			"from": [11.55, 0.25, 3.4],
			"to": [11.9, 0.55, 3.7],
			"faces": {
				"north": {"uv": [0, 0, 0.35, 0.3], "texture": "#3"},
				"east": {"uv": [0, 0, 0.35, 0.3], "texture": "#3"},
				"south": {"uv": [0, 0, 0.35, 0.3], "texture": "#3"},
				"west": {"uv": [0, 0, 0.35, 0.3], "texture": "#3"},
				"up": {"uv": [0, 0, 0.35, 0.3], "texture": "#3"},
				"down": {"uv": [0, 0, 0.35, 0.3], "texture": "#3"}
			}
		},
		{
			"from": [11.05, 0.25, 3.4],
			"to": [11.4, 0.55, 3.7],
			"faces": {
				"north": {"uv": [0, 0, 0.35, 0.3], "texture": "#3"},
				"east": {"uv": [0, 0, 0.35, 0.3], "texture": "#3"},
				"south": {"uv": [0, 0, 0.35, 0.3], "texture": "#3"},
				"west": {"uv": [0, 0, 0.35, 0.3], "texture": "#3"},
				"up": {"uv": [0, 0, 0.35, 0.3], "texture": "#3"},
				"down": {"uv": [0, 0, 0.35, 0.3], "texture": "#3"}
			}
		},
		{
			"from": [10.55, 0.25, 3.4],
			"to": [10.9, 0.55, 3.7],
			"faces": {
				"north": {"uv": [0, 0, 0.35, 0.3], "texture": "#3"},
				"east": {"uv": [0, 0, 0.35, 0.3], "texture": "#3"},
				"south": {"uv": [0, 0, 0.35, 0.3], "texture": "#3"},
				"west": {"uv": [0, 0, 0.35, 0.3], "texture": "#3"},
				"up": {"uv": [0, 0, 0.35, 0.3], "texture": "#3"},
				"down": {"uv": [0, 0, 0.35, 0.3], "texture": "#3"}
			}
		},
		{
			"from": [10.05, 0.25, 3.4],
			"to": [10.4, 0.55, 3.7],
			"faces": {
				"north": {"uv": [0, 0, 0.35, 0.3], "texture": "#3"},
				"east": {"uv": [0, 0, 0.35, 0.3], "texture": "#3"},
				"south": {"uv": [0, 0, 0.35, 0.3], "texture": "#3"},
				"west": {"uv": [0, 0, 0.35, 0.3], "texture": "#3"},
				"up": {"uv": [0, 0, 0.35, 0.3], "texture": "#3"},
				"down": {"uv": [0, 0, 0.35, 0.3], "texture": "#3"}
			}
		},
		{
			"from": [9.55, 0.25, 3.4],
			"to": [9.9, 0.55, 3.7],
			"faces": {
				"north": {"uv": [0, 0, 0.35, 0.3], "texture": "#3"},
				"east": {"uv": [0, 0, 0.35, 0.3], "texture": "#3"},
				"south": {"uv": [0, 0, 0.35, 0.3], "texture": "#3"},
				"west": {"uv": [0, 0, 0.35, 0.3], "texture": "#3"},
				"up": {"uv": [0, 0, 0.35, 0.3], "texture": "#3"},
				"down": {"uv": [0, 0, 0.35, 0.3], "texture": "#3"}
			}
		},
		{
			"from": [9.05, 0.25, 3.4],
			"to": [9.4, 0.55, 3.7],
			"faces": {
				"north": {"uv": [0, 0, 0.35, 0.3], "texture": "#3"},
				"east": {"uv": [0, 0, 0.35, 0.3], "texture": "#3"},
				"south": {"uv": [0, 0, 0.35, 0.3], "texture": "#3"},
				"west": {"uv": [0, 0, 0.35, 0.3], "texture": "#3"},
				"up": {"uv": [0, 0, 0.35, 0.3], "texture": "#3"},
				"down": {"uv": [0, 0, 0.35, 0.3], "texture": "#3"}
			}
		},
		{
			"from": [7.55, 0.25, 3.4],
			"to": [8.9, 0.55, 3.7],
			"faces": {
				"north": {"uv": [0, 0, 1.35, 0.3], "texture": "#3"},
				"east": {"uv": [0, 0, 1.35, 0.3], "texture": "#3"},
				"south": {"uv": [0, 0, 1.35, 0.3], "texture": "#3"},
				"west": {"uv": [0, 0, 1.35, 0.3], "texture": "#3"},
				"up": {"uv": [0, 0, 1.35, 0.3], "texture": "#3"},
				"down": {"uv": [0, 0, 1.35, 0.3], "texture": "#3"}
			}
		},
		{
			"from": [14.45, 0.25, 2.9],
			"to": [14.9, 0.55, 3.2],
			"faces": {
				"north": {"uv": [0, 0, 0.45, 0.3], "texture": "#3"},
				"east": {"uv": [0, 0, 0.45, 0.3], "texture": "#3"},
				"south": {"uv": [0, 0, 0.45, 0.3], "texture": "#3"},
				"west": {"uv": [0, 0, 0.45, 0.3], "texture": "#3"},
				"up": {"uv": [0, 0, 0.45, 0.3], "texture": "#3"},
				"down": {"uv": [0, 0, 0.45, 0.3], "texture": "#3"}
			}
		},
		{
			"from": [13.85, 0.25, 2.9],
			"to": [14.3, 0.55, 3.2],
			"faces": {
				"north": {"uv": [0, 0, 0.45, 0.3], "texture": "#3"},
				"east": {"uv": [0, 0, 0.45, 0.3], "texture": "#3"},
				"south": {"uv": [0, 0, 0.45, 0.3], "texture": "#3"},
				"west": {"uv": [0, 0, 0.45, 0.3], "texture": "#3"},
				"up": {"uv": [0, 0, 0.45, 0.3], "texture": "#3"},
				"down": {"uv": [0, 0, 0.45, 0.3], "texture": "#3"}
			}
		},
		{
			"from": [13.25, 0.25, 2.9],
			"to": [13.7, 0.55, 3.2],
			"faces": {
				"north": {"uv": [0, 0, 0.45, 0.3], "texture": "#3"},
				"east": {"uv": [0, 0, 0.45, 0.3], "texture": "#3"},
				"south": {"uv": [0, 0, 0.45, 0.3], "texture": "#3"},
				"west": {"uv": [0, 0, 0.45, 0.3], "texture": "#3"},
				"up": {"uv": [0, 0, 0.45, 0.3], "texture": "#3"},
				"down": {"uv": [0, 0, 0.45, 0.3], "texture": "#3"}
			}
		},
		{
			"from": [7.55, 0.25, 2.9],
			"to": [8, 0.55, 3.2],
			"faces": {
				"north": {"uv": [0, 0, 0.45, 0.3], "texture": "#3"},
				"east": {"uv": [0, 0, 0.45, 0.3], "texture": "#3"},
				"south": {"uv": [0, 0, 0.45, 0.3], "texture": "#3"},
				"west": {"uv": [0, 0, 0.45, 0.3], "texture": "#3"},
				"up": {"uv": [0, 0, 0.45, 0.3], "texture": "#3"},
				"down": {"uv": [0, 0, 0.45, 0.3], "texture": "#3"}
			}
		},
		{
			"from": [8.15, 0.25, 2.9],
			"to": [8.6, 0.55, 3.2],
			"faces": {
				"north": {"uv": [0, 0, 0.45, 0.3], "texture": "#3"},
				"east": {"uv": [0, 0, 0.45, 0.3], "texture": "#3"},
				"south": {"uv": [0, 0, 0.45, 0.3], "texture": "#3"},
				"west": {"uv": [0, 0, 0.45, 0.3], "texture": "#3"},
				"up": {"uv": [0, 0, 0.45, 0.3], "texture": "#3"},
				"down": {"uv": [0, 0, 0.45, 0.3], "texture": "#3"}
			}
		},
		{
			"from": [8.75, 0.25, 2.9],
			"to": [9.2, 0.55, 3.2],
			"faces": {
				"north": {"uv": [0, 0, 0.45, 0.3], "texture": "#3"},
				"east": {"uv": [0, 0, 0.45, 0.3], "texture": "#3"},
				"south": {"uv": [0, 0, 0.45, 0.3], "texture": "#3"},
				"west": {"uv": [0, 0, 0.45, 0.3], "texture": "#3"},
				"up": {"uv": [0, 0, 0.45, 0.3], "texture": "#3"},
				"down": {"uv": [0, 0, 0.45, 0.3], "texture": "#3"}
			}
		},
		{
			"from": [9.35, 0.25, 2.9],
			"to": [9.8, 0.55, 3.2],
			"faces": {
				"north": {"uv": [0, 0, 0.45, 0.3], "texture": "#3"},
				"east": {"uv": [0, 0, 0.45, 0.3], "texture": "#3"},
				"south": {"uv": [0, 0, 0.45, 0.3], "texture": "#3"},
				"west": {"uv": [0, 0, 0.45, 0.3], "texture": "#3"},
				"up": {"uv": [0, 0, 0.45, 0.3], "texture": "#3"},
				"down": {"uv": [0, 0, 0.45, 0.3], "texture": "#3"}
			}
		},
		{
			"from": [9.95, 0.25, 2.9],
			"to": [13.1, 0.55, 3.2],
			"faces": {
				"north": {"uv": [0, 0, 3.15, 0.3], "texture": "#3"},
				"east": {"uv": [0, 0, 3.15, 0.3], "texture": "#3"},
				"south": {"uv": [0, 0, 3.15, 0.3], "texture": "#3"},
				"west": {"uv": [0, 0, 3.15, 0.3], "texture": "#3"},
				"up": {"uv": [0, 0, 3.15, 0.3], "texture": "#3"},
				"down": {"uv": [0, 0, 3.15, 0.3], "texture": "#3"}
			}
		},
		{
			"from": [6.75, 0.25, 5.5],
			"to": [7.1, 0.55, 5.8],
			"faces": {
				"north": {"uv": [0, 0, 0.35, 0.3], "texture": "#3"},
				"east": {"uv": [0, 0, 0.35, 0.3], "texture": "#3"},
				"south": {"uv": [0, 0, 0.35, 0.3], "texture": "#3"},
				"west": {"uv": [0, 0, 0.35, 0.3], "texture": "#3"},
				"up": {"uv": [0, 0, 0.35, 0.3], "texture": "#3"},
				"down": {"uv": [0, 0, 0.35, 0.3], "texture": "#3"}
			}
		},
		{
			"from": [6.25, 0.25, 4.9],
			"to": [6.6, 0.55, 5.2],
			"faces": {
				"north": {"uv": [0, 0, 0.35, 0.3], "texture": "#3"},
				"east": {"uv": [0, 0, 0.35, 0.3], "texture": "#3"},
				"south": {"uv": [0, 0, 0.35, 0.3], "texture": "#3"},
				"west": {"uv": [0, 0, 0.35, 0.3], "texture": "#3"},
				"up": {"uv": [0, 0, 0.35, 0.3], "texture": "#3"},
				"down": {"uv": [0, 0, 0.35, 0.3], "texture": "#3"}
			}
		},
		{
			"from": [5.75, 0.25, 4.9],
			"to": [6.1, 0.55, 5.2],
			"faces": {
				"north": {"uv": [0, 0, 0.35, 0.3], "texture": "#3"},
				"east": {"uv": [0, 0, 0.35, 0.3], "texture": "#3"},
				"south": {"uv": [0, 0, 0.35, 0.3], "texture": "#3"},
				"west": {"uv": [0, 0, 0.35, 0.3], "texture": "#3"},
				"up": {"uv": [0, 0, 0.35, 0.3], "texture": "#3"},
				"down": {"uv": [0, 0, 0.35, 0.3], "texture": "#3"}
			}
		},
		{
			"from": [6.75, 0.25, 4.5],
			"to": [7.1, 0.55, 4.8],
			"faces": {
				"north": {"uv": [0, 0, 0.35, 0.3], "texture": "#3"},
				"east": {"uv": [0, 0, 0.35, 0.3], "texture": "#3"},
				"south": {"uv": [0, 0, 0.35, 0.3], "texture": "#3"},
				"west": {"uv": [0, 0, 0.35, 0.3], "texture": "#3"},
				"up": {"uv": [0, 0, 0.35, 0.3], "texture": "#3"},
				"down": {"uv": [0, 0, 0.35, 0.3], "texture": "#3"}
			}
		},
		{
			"from": [6.25, 0.25, 4.5],
			"to": [6.6, 0.55, 4.8],
			"faces": {
				"north": {"uv": [0, 0, 0.35, 0.3], "texture": "#3"},
				"east": {"uv": [0, 0, 0.35, 0.3], "texture": "#3"},
				"south": {"uv": [0, 0, 0.35, 0.3], "texture": "#3"},
				"west": {"uv": [0, 0, 0.35, 0.3], "texture": "#3"},
				"up": {"uv": [0, 0, 0.35, 0.3], "texture": "#3"},
				"down": {"uv": [0, 0, 0.35, 0.3], "texture": "#3"}
			}
		},
		{
			"from": [5.75, 0.25, 4.5],
			"to": [6.1, 0.55, 4.8],
			"faces": {
				"north": {"uv": [0, 0, 0.35, 0.3], "texture": "#3"},
				"east": {"uv": [0, 0, 0.35, 0.3], "texture": "#3"},
				"south": {"uv": [0, 0, 0.35, 0.3], "texture": "#3"},
				"west": {"uv": [0, 0, 0.35, 0.3], "texture": "#3"},
				"up": {"uv": [0, 0, 0.35, 0.3], "texture": "#3"},
				"down": {"uv": [0, 0, 0.35, 0.3], "texture": "#3"}
			}
		},
		{
			"from": [6.75, 0.25, 2.9],
			"to": [7.1, 0.55, 3.2],
			"faces": {
				"north": {"uv": [0, 0, 0.35, 0.3], "texture": "#3"},
				"east": {"uv": [0, 0, 0.35, 0.3], "texture": "#3"},
				"south": {"uv": [0, 0, 0.35, 0.3], "texture": "#3"},
				"west": {"uv": [0, 0, 0.35, 0.3], "texture": "#3"},
				"up": {"uv": [0, 0, 0.35, 0.3], "texture": "#3"},
				"down": {"uv": [0, 0, 0.35, 0.3], "texture": "#3"}
			}
		},
		{
			"from": [6.25, 0.25, 2.9],
			"to": [6.6, 0.55, 3.2],
			"faces": {
				"north": {"uv": [0, 0, 0.35, 0.3], "texture": "#3"},
				"east": {"uv": [0, 0, 0.35, 0.3], "texture": "#3"},
				"south": {"uv": [0, 0, 0.35, 0.3], "texture": "#3"},
				"west": {"uv": [0, 0, 0.35, 0.3], "texture": "#3"},
				"up": {"uv": [0, 0, 0.35, 0.3], "texture": "#3"},
				"down": {"uv": [0, 0, 0.35, 0.3], "texture": "#3"}
			}
		},
		{
			"from": [5.75, 0.25, 2.9],
			"to": [6.1, 0.55, 3.2],
			"faces": {
				"north": {"uv": [0, 0, 0.35, 0.3], "texture": "#3"},
				"east": {"uv": [0, 0, 0.35, 0.3], "texture": "#3"},
				"south": {"uv": [0, 0, 0.35, 0.3], "texture": "#3"},
				"west": {"uv": [0, 0, 0.35, 0.3], "texture": "#3"},
				"up": {"uv": [0, 0, 0.35, 0.3], "texture": "#3"},
				"down": {"uv": [0, 0, 0.35, 0.3], "texture": "#3"}
			}
		},
		{
			"from": [6.25, 0.25, 3.3],
			"to": [6.6, 0.55, 3.6],
			"faces": {
				"north": {"uv": [0, 0, 0.35, 0.3], "texture": "#3"},
				"east": {"uv": [0, 0, 0.35, 0.3], "texture": "#3"},
				"south": {"uv": [0, 0, 0.35, 0.3], "texture": "#3"},
				"west": {"uv": [0, 0, 0.35, 0.3], "texture": "#3"},
				"up": {"uv": [0, 0, 0.35, 0.3], "texture": "#3"},
				"down": {"uv": [0, 0, 0.35, 0.3], "texture": "#3"}
			}
		},
		{
			"from": [5.25, 0.25, 4.9],
			"to": [5.6, 0.55, 5.2],
			"faces": {
				"north": {"uv": [0, 0, 0.35, 0.3], "texture": "#3"},
				"east": {"uv": [0, 0, 0.35, 0.3], "texture": "#3"},
				"south": {"uv": [0, 0, 0.35, 0.3], "texture": "#3"},
				"west": {"uv": [0, 0, 0.35, 0.3], "texture": "#3"},
				"up": {"uv": [0, 0, 0.35, 0.3], "texture": "#3"},
				"down": {"uv": [0, 0, 0.35, 0.3], "texture": "#3"}
			}
		},
		{
			"from": [4.85, 0.25, 4.9],
			"to": [5.2, 0.55, 5.2],
			"faces": {
				"north": {"uv": [0, 0, 0.35, 0.3], "texture": "#3"},
				"east": {"uv": [0, 0, 0.35, 0.3], "texture": "#3"},
				"south": {"uv": [0, 0, 0.35, 0.3], "texture": "#3"},
				"west": {"uv": [0, 0, 0.35, 0.3], "texture": "#3"},
				"up": {"uv": [0, 0, 0.35, 0.3], "texture": "#3"},
				"down": {"uv": [0, 0, 0.35, 0.3], "texture": "#3"}
			}
		},
		{
			"from": [4.45, 0.25, 4.9],
			"to": [4.8, 0.55, 5.2],
			"faces": {
				"north": {"uv": [0, 0, 0.35, 0.3], "texture": "#3"},
				"east": {"uv": [0, 0, 0.35, 0.3], "texture": "#3"},
				"south": {"uv": [0, 0, 0.35, 0.3], "texture": "#3"},
				"west": {"uv": [0, 0, 0.35, 0.3], "texture": "#3"},
				"up": {"uv": [0, 0, 0.35, 0.3], "texture": "#3"},
				"down": {"uv": [0, 0, 0.35, 0.3], "texture": "#3"}
			}
		},
		{
			"from": [4.05, 0.25, 4.9],
			"to": [4.4, 0.55, 5.2],
			"faces": {
				"north": {"uv": [0, 0, 0.35, 0.3], "texture": "#3"},
				"east": {"uv": [0, 0, 0.35, 0.3], "texture": "#3"},
				"south": {"uv": [0, 0, 0.35, 0.3], "texture": "#3"},
				"west": {"uv": [0, 0, 0.35, 0.3], "texture": "#3"},
				"up": {"uv": [0, 0, 0.35, 0.3], "texture": "#3"},
				"down": {"uv": [0, 0, 0.35, 0.3], "texture": "#3"}
			}
		},
		{
			"from": [5.25, 0.25, 4.4],
			"to": [5.6, 0.55, 4.7],
			"faces": {
				"north": {"uv": [0, 0, 0.35, 0.3], "texture": "#3"},
				"east": {"uv": [0, 0, 0.35, 0.3], "texture": "#3"},
				"south": {"uv": [0, 0, 0.35, 0.3], "texture": "#3"},
				"west": {"uv": [0, 0, 0.35, 0.3], "texture": "#3"},
				"up": {"uv": [0, 0, 0.35, 0.3], "texture": "#3"},
				"down": {"uv": [0, 0, 0.35, 0.3], "texture": "#3"}
			}
		},
		{
			"from": [5.25, 0.25, 3.9],
			"to": [5.6, 0.55, 4.2],
			"faces": {
				"north": {"uv": [0, 0, 0.35, 0.3], "texture": "#3"},
				"east": {"uv": [0, 0, 0.35, 0.3], "texture": "#3"},
				"south": {"uv": [0, 0, 0.35, 0.3], "texture": "#3"},
				"west": {"uv": [0, 0, 0.35, 0.3], "texture": "#3"},
				"up": {"uv": [0, 0, 0.35, 0.3], "texture": "#3"},
				"down": {"uv": [0, 0, 0.35, 0.3], "texture": "#3"}
			}
		},
		{
			"from": [5.25, 0.25, 3.4],
			"to": [5.6, 0.55, 3.7],
			"faces": {
				"north": {"uv": [0, 0, 0.35, 0.3], "texture": "#3"},
				"east": {"uv": [0, 0, 0.35, 0.3], "texture": "#3"},
				"south": {"uv": [0, 0, 0.35, 0.3], "texture": "#3"},
				"west": {"uv": [0, 0, 0.35, 0.3], "texture": "#3"},
				"up": {"uv": [0, 0, 0.35, 0.3], "texture": "#3"},
				"down": {"uv": [0, 0, 0.35, 0.3], "texture": "#3"}
			}
		},
		{
			"from": [4.85, 0.25, 2.9],
			"to": [5.6, 0.55, 3.2],
			"faces": {
				"north": {"uv": [0, 0, 0.75, 0.3], "texture": "#3"},
				"east": {"uv": [0, 0, 0.75, 0.3], "texture": "#3"},
				"south": {"uv": [0, 0, 0.75, 0.3], "texture": "#3"},
				"west": {"uv": [0, 0, 0.75, 0.3], "texture": "#3"},
				"up": {"uv": [0, 0, 0.75, 0.3], "texture": "#3"},
				"down": {"uv": [0, 0, 0.75, 0.3], "texture": "#3"}
			}
		},
		{
			"from": [4.85, 0.25, 3.4],
			"to": [5.2, 0.55, 3.7],
			"faces": {
				"north": {"uv": [0, 0, 0.35, 0.3], "texture": "#3"},
				"east": {"uv": [0, 0, 0.35, 0.3], "texture": "#3"},
				"south": {"uv": [0, 0, 0.35, 0.3], "texture": "#3"},
				"west": {"uv": [0, 0, 0.35, 0.3], "texture": "#3"},
				"up": {"uv": [0, 0, 0.35, 0.3], "texture": "#3"},
				"down": {"uv": [0, 0, 0.35, 0.3], "texture": "#3"}
			}
		},
		{
			"from": [4.85, 0.25, 3.9],
			"to": [5.2, 0.55, 4.2],
			"faces": {
				"north": {"uv": [0, 0, 0.35, 0.3], "texture": "#3"},
				"east": {"uv": [0, 0, 0.35, 0.3], "texture": "#3"},
				"south": {"uv": [0, 0, 0.35, 0.3], "texture": "#3"},
				"west": {"uv": [0, 0, 0.35, 0.3], "texture": "#3"},
				"up": {"uv": [0, 0, 0.35, 0.3], "texture": "#3"},
				"down": {"uv": [0, 0, 0.35, 0.3], "texture": "#3"}
			}
		},
		{
			"from": [4.85, 0.25, 4.4],
			"to": [5.2, 0.55, 4.7],
			"faces": {
				"north": {"uv": [0, 0, 0.35, 0.3], "texture": "#3"},
				"east": {"uv": [0, 0, 0.35, 0.3], "texture": "#3"},
				"south": {"uv": [0, 0, 0.35, 0.3], "texture": "#3"},
				"west": {"uv": [0, 0, 0.35, 0.3], "texture": "#3"},
				"up": {"uv": [0, 0, 0.35, 0.3], "texture": "#3"},
				"down": {"uv": [0, 0, 0.35, 0.3], "texture": "#3"}
			}
		},
		{
			"from": [4.45, 0.25, 3.4],
			"to": [4.8, 0.55, 3.7],
			"faces": {
				"north": {"uv": [0, 0, 0.35, 0.3], "texture": "#3"},
				"east": {"uv": [0, 0, 0.35, 0.3], "texture": "#3"},
				"south": {"uv": [0, 0, 0.35, 0.3], "texture": "#3"},
				"west": {"uv": [0, 0, 0.35, 0.3], "texture": "#3"},
				"up": {"uv": [0, 0, 0.35, 0.3], "texture": "#3"},
				"down": {"uv": [0, 0, 0.35, 0.3], "texture": "#3"}
			}
		},
		{
			"from": [4.45, 0.25, 3.9],
			"to": [4.8, 0.55, 4.2],
			"faces": {
				"north": {"uv": [0, 0, 0.35, 0.3], "texture": "#3"},
				"east": {"uv": [0, 0, 0.35, 0.3], "texture": "#3"},
				"south": {"uv": [0, 0, 0.35, 0.3], "texture": "#3"},
				"west": {"uv": [0, 0, 0.35, 0.3], "texture": "#3"},
				"up": {"uv": [0, 0, 0.35, 0.3], "texture": "#3"},
				"down": {"uv": [0, 0, 0.35, 0.3], "texture": "#3"}
			}
		},
		{
			"from": [4.45, 0.25, 4.4],
			"to": [4.8, 0.55, 4.7],
			"faces": {
				"north": {"uv": [0, 0, 0.35, 0.3], "texture": "#3"},
				"east": {"uv": [0, 0, 0.35, 0.3], "texture": "#3"},
				"south": {"uv": [0, 0, 0.35, 0.3], "texture": "#3"},
				"west": {"uv": [0, 0, 0.35, 0.3], "texture": "#3"},
				"up": {"uv": [0, 0, 0.35, 0.3], "texture": "#3"},
				"down": {"uv": [0, 0, 0.35, 0.3], "texture": "#3"}
			}
		},
		{
			"from": [4.45, 0.25, 2.9],
			"to": [4.8, 0.55, 3.2],
			"faces": {
				"north": {"uv": [0, 0, 0.35, 0.3], "texture": "#3"},
				"east": {"uv": [0, 0, 0.35, 0.3], "texture": "#3"},
				"south": {"uv": [0, 0, 0.35, 0.3], "texture": "#3"},
				"west": {"uv": [0, 0, 0.35, 0.3], "texture": "#3"},
				"up": {"uv": [0, 0, 0.35, 0.3], "texture": "#3"},
				"down": {"uv": [0, 0, 0.35, 0.3], "texture": "#3"}
			}
		},
		{
			"from": [4.05, 0.25, 3.9],
			"to": [4.4, 0.55, 4.7],
			"faces": {
				"north": {"uv": [0, 0, 0.35, 0.8], "texture": "#3"},
				"east": {"uv": [0, 0, 0.35, 0.8], "texture": "#3"},
				"south": {"uv": [0, 0, 0.35, 0.8], "texture": "#3"},
				"west": {"uv": [0, 0, 0.35, 0.8], "texture": "#3"},
				"up": {"uv": [0, 0, 0.35, 0.8], "texture": "#3"},
				"down": {"uv": [0, 0, 0.35, 0.8], "texture": "#3"}
			}
		},
		{
			"from": [4.05, 0.25, 2.9],
			"to": [4.4, 0.55, 3.7],
			"faces": {
				"north": {"uv": [0, 0, 0.35, 0.8], "texture": "#3"},
				"east": {"uv": [0, 0, 0.35, 0.8], "texture": "#3"},
				"south": {"uv": [0, 0, 0.35, 0.8], "texture": "#3"},
				"west": {"uv": [0, 0, 0.35, 0.8], "texture": "#3"},
				"up": {"uv": [0, 0, 0.35, 0.8], "texture": "#3"},
				"down": {"uv": [0, 0, 0.35, 0.8], "texture": "#3"}
			}
		},
		{
			"from": [0.5, 0, 2],
			"to": [2.5, 0.75, 5],
			"faces": {
				"north": {"uv": [0, 0, 2, 0.75], "texture": "#0"},
				"east": {"uv": [0, 0, 3, 0.75], "texture": "#0"},
				"south": {"uv": [0, 0, 2, 0.75], "texture": "#0"},
				"west": {"uv": [0, 0, 3, 0.75], "texture": "#0"},
				"up": {"uv": [0, 0, 2, 3], "texture": "#0"},
				"down": {"uv": [0, 0, 2, 3], "texture": "#0"}
			}
		},
		{
			"from": [1.25, 0, 4.05],
			"to": [1.75, 1, 4.75],
			"faces": {
				"north": {"uv": [0, 0, 16, 16], "texture": "#3"},
				"east": {"uv": [0, 0, 16, 16], "texture": "#3"},
				"south": {"uv": [0, 0, 16, 16], "texture": "#3"},
				"west": {"uv": [0, 0, 16, 16], "texture": "#3"},
				"up": {"uv": [0, 0, 16, 16], "texture": "#3"},
				"down": {"uv": [0, 0, 16, 16], "texture": "#3"}
			}
		}
	],
	"display": {
		"thirdperson_righthand": {
			"rotation": [76, 0, 0],
			"translation": [-6, 4.25, 5],
			"scale": [0.96, 1, 0.83]
		},
		"thirdperson_lefthand": {
			"rotation": [76, 0, 0],
			"translation": [-6, 4.75, 4.75]
		},
		"firstperson_righthand": {
			"translation": [-8.75, 4.75, 0],
			"scale": [0.91, 0.9, 1.07]
		},
		"firstperson_lefthand": {
			"translation": [-9.25, 3.75, 0],
			"scale": [0.91, 0.9, 1.07]
		},
		"ground": {
			"translation": [0, 3, 0],
			"scale": [0.81, 0.84, 0.9]
		},
		"gui": {
			"rotation": [0, 180, 0],
			"translation": [0.25, 1, 0],
			"scale": [0.8, 1, 1]
		},
		"head": {
			"translation": [0, 35.25, 0],
			"scale": [2.73, 3.44, 2.17]
		},
		"fixed": {
			"translation": [0, 1, -1],
			"scale": [1, 1, 0.02]
		}
	},
	"groups": [
		{
			"name": "carpet_yellow",
			"children": [
				{
					"name": "base",
					"children": [0, 1, 2, 3, 4, 5, 6, 7, 8, 9, 10, 11, 12, 13]
				},
				{
					"name": "monitor",
					"children": [
						{
							"name": "displayt",
							"children": [
								{
									"name": "group",
									"children": [14, 15, 16, 17, 18]
								}, 19]
						}
					]
				},
				{
					"name": "keyboard",
					"children": [
						{
							"name": "base",
							"children": [20]
						},
						{
							"name": "keys",
							"children": [21, 22, 23, 24, 25, 26, 27, 28, 29, 30, 31, 32, 33, 34, 35, 36, 37, 38, 39, 40, 41, 42, 43, 44, 45, 46, 47, 48, 49, 50, 51, 52, 53, 54, 55, 56, 57, 58, 59, 60, 61, 62, 63, 64, 65, 66, 67, 68, 69, 70, 71, 72, 73, 74, 75, 76, 77, 78, 79, 80, 81, 82, 83, 84, 85, 86, 87, 88, 89, 90, 91, 92, 93, 94, 95, 96, 97, 98, 99, 100, 101, 102, 103, 104, 105, 106, 107, 108, 109, 110, 111, 112, 113, 114, 115, 116, 117, 118, 119, 120, 121, 122, 123, 124, 125]
						}
					]
				},
				{
					"name": "mouse",
					"children": [126, 127]
				}
			]
		}
	]
}