{
	"credit": "Made with Blockbench",
	"textures": {
		"0": "blocks/concrete_black",
		"1": "blocks/log_acacia",
		"2": "blocks/planks_acacia",
		"3": "blocks/iron_block",
		"4": "blocks/concrete_powder_black",
		"5": "blocks/concrete_powder_lime",
		"particle": "blocks/concrete_black"
	},
	"elements": [
		{
			"from": [7.9, 5.5, 12.5],
			"to": [8.1, 6, 20.5],
			"rotation": {"angle": 45, "axis": "x", "origin": [15.5, 15.5, 15.5]},
			"faces": {
				"north": {"uv": [0, 0, 0.2, 0.5], "texture": "#3"},
				"east": {"uv": [0, 14.5, 16, 15.5], "texture": "#3"},
				"south": {"uv": [0, 0, 0.2, 0.5], "texture": "#3"},
				"west": {"uv": [0, 0, 8, 0.5], "texture": "#3"},
				"up": {"uv": [0, 0, 0.2, 8], "texture": "#3"},
				"down": {"uv": [0, 0, 0.2, 8], "texture": "#3"}
			}
		},
		{
			"from": [5.99, 0.1744, 3.2784],
			"to": [10.01, 5.6176, 12.7216],
			"faces": {
				"north": {"uv": [0, 0, 16, 16], "texture": "#1"},
				"east": {"uv": [0, 0, 16, 16], "texture": "#2"},
				"south": {"uv": [0, 0, 16, 16], "texture": "#1"},
				"west": {"uv": [0, 0, 1, 1], "texture": "#0"},
				"up": {"uv": [0, 0, 16, 16], "texture": "#1"},
				"down": {"uv": [0, 0, 1, 1], "texture": "#0"}
			}
		},
		{
			"from": [9.2, 4.074, 10.35],
			"to": [10.2, 4.61, 11.02],
			"faces": {
				"north": {"uv": [0, 0, 1, 0.4], "texture": "#3"},
				"east": {"uv": [1, 3, 13, 7], "texture": "#3"},
				"south": {"uv": [0, 0, 1, 0.4], "texture": "#3"},
				"west": {"uv": [0, 0, 0.5, 0.4], "texture": "#3"},
				"up": {"uv": [0, 0, 1, 0.5], "texture": "#3"},
				"down": {"uv": [0, 0, 1, 0.5], "texture": "#3"}
			}
		},
		{
			"from": [9.2, 6.28516, 3.37624],
			"to": [10.2, 6.82116, 4.04624],
			"rotation": {"angle": -22.5, "axis": "x", "origin": [12.2, 21.56116, 12.75624]},
			"faces": {
				"north": {"uv": [0, 0, 1, 0.4], "texture": "#3"},
				"east": {"uv": [1, 3, 13, 7], "texture": "#3"},
				"south": {"uv": [0, 0, 1, 0.4], "texture": "#3"},
				"west": {"uv": [0, 0, 0.5, 0.4], "texture": "#3"},
				"up": {"uv": [0, 0, 1, 0.5], "texture": "#3"},
				"down": {"uv": [0, 0, 1, 0.5], "texture": "#3"}
			}
		},
		{
			"from": [9.2, 5.65926, -3.91285],
			"to": [10.2, 6.19526, -3.24285],
			"rotation": {"angle": -45, "axis": "x", "origin": [12.2, 20.93526, 5.46715]},
			"faces": {
				"north": {"uv": [0, 0, 1, 0.4], "texture": "#3"},
				"east": {"uv": [1, 3, 13, 7], "texture": "#3"},
				"south": {"uv": [0, 0, 1, 0.4], "texture": "#3"},
				"west": {"uv": [0, 0, 0.5, 0.4], "texture": "#3"},
				"up": {"uv": [0, 0, 1, 0.5], "texture": "#3"},
				"down": {"uv": [0, 0, 1, 0.5], "texture": "#3"}
			}
		},
		{
			"from": [9.2, 8.18759, 13.71243],
			"to": [10.2, 8.85759, 14.24843],
			"rotation": {"angle": 22.5, "axis": "x", "origin": [12.2, 17.56759, -1.02757]},
			"faces": {
				"north": {"uv": [0, 0, 1, 0.5], "rotation": 180, "texture": "#3"},
				"east": {"uv": [1, 3, 13, 7], "rotation": 90, "texture": "#3"},
				"south": {"uv": [0, 0, 1, 0.5], "texture": "#3"},
				"west": {"uv": [0, 0, 0.5, 0.4], "rotation": 270, "texture": "#3"},
				"up": {"uv": [0, 0, 1, 0.4], "texture": "#3"},
				"down": {"uv": [0, 0, 1, 0.4], "rotation": 180, "texture": "#3"}
			}
		},
		{
			"from": [9.2, 2.59084, 9.00084],
			"to": [10.2, 3.26084, 9.53684],
			"faces": {
				"north": {"uv": [0, 0, 1, 0.5], "rotation": 180, "texture": "#3"},
				"east": {"uv": [1, 3, 13, 7], "rotation": 90, "texture": "#3"},
				"south": {"uv": [0, 0, 1, 0.5], "texture": "#3"},
				"west": {"uv": [0, 0, 0.5, 0.4], "rotation": 270, "texture": "#3"},
				"up": {"uv": [0, 0, 1, 0.4], "texture": "#3"},
				"down": {"uv": [0, 0, 1, 0.4], "rotation": 180, "texture": "#3"}
			}
		},
		{
			"from": [9.2, 5.65926, 24.61285],
			"to": [10.2, 6.19526, 25.28285],
			"rotation": {"angle": 45, "axis": "x", "origin": [12.2, 20.93526, 15.90285]},
			"faces": {
				"north": {"uv": [1, 0, 2, 0.4], "texture": "#3"},
				"east": {"uv": [1, 3, 13, 7], "texture": "#3"},
				"south": {"uv": [1, 0, 2, 0.4], "texture": "#3"},
				"west": {"uv": [0.5, 0, 1, 0.4], "texture": "#3"},
				"up": {"uv": [0, 0.5, 1, 1], "texture": "#3"},
				"down": {"uv": [0, 0.5, 1, 1], "texture": "#3"}
			}
		},
		{
			"from": [9.2, 6.28516, 17.32376],
			"to": [10.2, 6.82116, 17.99376],
			"rotation": {"angle": 22.5, "axis": "x", "origin": [12.2, 21.56116, 8.61376]},
			"faces": {
				"north": {"uv": [1, 0, 2, 0.4], "texture": "#3"},
				"east": {"uv": [1, 3, 13, 7], "texture": "#3"},
				"south": {"uv": [1, 0, 2, 0.4], "texture": "#3"},
				"west": {"uv": [0.5, 0, 1, 0.4], "texture": "#3"},
				"up": {"uv": [0, 0.5, 1, 1], "texture": "#3"},
				"down": {"uv": [0, 0.5, 1, 1], "texture": "#3"}
			}
		},
		{
			"from": [9.2, 8.18759, 7.12157],
			"to": [10.2, 8.85759, 7.65757],
			"rotation": {"angle": -22.5, "axis": "x", "origin": [12.2, 17.56759, 22.39757]},
			"faces": {
				"north": {"uv": [1, 0, 2, 0.5], "texture": "#3"},
				"east": {"uv": [1, 3, 13, 7], "rotation": 90, "texture": "#3"},
				"south": {"uv": [1, 0, 2, 0.5], "rotation": 180, "texture": "#3"},
				"west": {"uv": [0, 0.4, 0.5, 0.8], "rotation": 270, "texture": "#3"},
				"up": {"uv": [0, 0.4, 1, 0.8], "texture": "#3"},
				"down": {"uv": [0, 0.4, 1, 0.8], "rotation": 180, "texture": "#3"}
			}
		},
		{
			"from": [9.2, 2.59084, 11.83316],
			"to": [10.2, 3.26084, 12.36916],
			"faces": {
				"north": {"uv": [1, 0, 2, 0.5], "texture": "#3"},
				"east": {"uv": [1, 3, 13, 7], "rotation": 90, "texture": "#3"},
				"south": {"uv": [1, 0, 2, 0.5], "rotation": 180, "texture": "#3"},
				"west": {"uv": [0, 0.4, 0.5, 0.8], "rotation": 270, "texture": "#3"},
				"up": {"uv": [0, 0.4, 1, 0.8], "texture": "#3"},
				"down": {"uv": [0, 0.4, 1, 0.8], "rotation": 180, "texture": "#3"}
			}
		},
		{
			"from": [9.2, -3.0059, 7.12157],
			"to": [10.2, -2.3359, 7.65757],
			"rotation": {"angle": 22.5, "axis": "x", "origin": [12.2, -11.7159, 22.39757]},
			"faces": {
				"north": {"uv": [1, 0.5, 2, 1], "texture": "#3"},
				"east": {"uv": [1, 3, 13, 7], "rotation": 90, "texture": "#3"},
				"south": {"uv": [1, 0.5, 2, 1], "rotation": 180, "texture": "#3"},
				"west": {"uv": [0.5, 0.4, 1, 0.8], "rotation": 270, "texture": "#3"},
				"up": {"uv": [0, 0.8, 1, 1.2], "rotation": 180, "texture": "#3"},
				"down": {"uv": [0, 0.8, 1, 1.2], "texture": "#3"}
			}
		},
		{
			"from": [9.2, -0.34357, 24.61285],
			"to": [10.2, 0.19243, 25.28285],
			"rotation": {"angle": -45, "axis": "x", "origin": [12.2, -15.08357, 15.90285]},
			"faces": {
				"north": {"uv": [1, 0.4, 2, 0.8], "texture": "#3"},
				"east": {"uv": [1, 3, 13, 7], "texture": "#3"},
				"south": {"uv": [1, 0.4, 2, 0.8], "texture": "#3"},
				"west": {"uv": [0.5, 0.4, 1, 0.8], "texture": "#3"},
				"up": {"uv": [0, 1, 1, 1.5], "texture": "#3"},
				"down": {"uv": [0, 1, 1, 1.5], "texture": "#3"}
			}
		},
		{
			"from": [9.2, 1.24168, 10.35],
			"to": [10.2, 1.77768, 11.02],
			"faces": {
				"north": {"uv": [0, 0.4, 1, 0.8], "texture": "#3"},
				"east": {"uv": [1, 3, 13, 7], "texture": "#3"},
				"south": {"uv": [0, 0.4, 1, 0.8], "texture": "#3"},
				"west": {"uv": [0, 0.4, 0.5, 0.8], "texture": "#3"},
				"up": {"uv": [0, 0.5, 1, 1], "texture": "#3"},
				"down": {"uv": [0, 0.5, 1, 1], "texture": "#3"}
			}
		},
		{
			"from": [9.2, -0.96947, 17.32376],
			"to": [10.2, -0.43347, 17.99376],
			"rotation": {"angle": -22.5, "axis": "x", "origin": [12.2, -15.70947, 8.61376]},
			"faces": {
				"north": {"uv": [1, 0.4, 2, 0.8], "texture": "#3"},
				"east": {"uv": [1, 3, 13, 7], "texture": "#3"},
				"south": {"uv": [1, 0.4, 2, 0.8], "texture": "#3"},
				"west": {"uv": [0.5, 0.4, 1, 0.8], "texture": "#3"},
				"up": {"uv": [0, 1, 1, 1.5], "texture": "#3"},
				"down": {"uv": [0, 1, 1, 1.5], "texture": "#3"}
			}
		},
		{
			"from": [9.2, -0.96947, 3.37624],
			"to": [10.2, -0.43347, 4.04624],
			"rotation": {"angle": 22.5, "axis": "x", "origin": [12.2, -15.70947, 12.75624]},
			"faces": {
				"north": {"uv": [0, 0.4, 1, 0.8], "texture": "#3"},
				"east": {"uv": [1, 3, 13, 7], "texture": "#3"},
				"south": {"uv": [0, 0.4, 1, 0.8], "texture": "#3"},
				"west": {"uv": [0, 0.4, 0.5, 0.8], "texture": "#3"},
				"up": {"uv": [0, 0.5, 1, 1], "texture": "#3"},
				"down": {"uv": [0, 0.5, 1, 1], "texture": "#3"}
			}
		},
		{
			"from": [9.2, -0.34357, -3.91285],
			"to": [10.2, 0.19243, -3.24285],
			"rotation": {"angle": 45, "axis": "x", "origin": [12.2, -15.08357, 5.46715]},
			"faces": {
				"north": {"uv": [0, 0.4, 1, 0.8], "texture": "#3"},
				"east": {"uv": [1, 3, 13, 7], "texture": "#3"},
				"south": {"uv": [0, 0.4, 1, 0.8], "texture": "#3"},
				"west": {"uv": [0, 0.4, 0.5, 0.8], "texture": "#3"},
				"up": {"uv": [0, 0.5, 1, 1], "texture": "#3"},
				"down": {"uv": [0, 0.5, 1, 1], "texture": "#3"}
			}
		},
		{
			"from": [9.2, -3.0059, 13.71243],
			"to": [10.2, -2.3359, 14.24843],
			"rotation": {"angle": -22.5, "axis": "x", "origin": [12.2, -11.7159, -1.02757]},
			"faces": {
				"north": {"uv": [0, 0.5, 1, 1], "rotation": 180, "texture": "#3"},
				"east": {"uv": [1, 3, 13, 7], "rotation": 90, "texture": "#3"},
				"south": {"uv": [0, 0.5, 1, 1], "texture": "#3"},
				"west": {"uv": [0.5, 0, 1, 0.4], "rotation": 270, "texture": "#3"},
				"up": {"uv": [0, 0.4, 1, 0.8], "rotation": 180, "texture": "#3"},
				"down": {"uv": [0, 0.4, 1, 0.8], "texture": "#3"}
			}
		},
		{
			"from": [9.1, 1.88068, 10.427],
			"to": [10.1, 4.3202, 10.9764],
			"faces": {
				"north": {"uv": [0, 0, 1, 0.4], "texture": "#4"},
				"east": {"uv": [0, 0, 1, 1.4], "texture": "#4"},
				"south": {"uv": [0, 0, 1, 0.4], "texture": "#4"},
				"west": {"uv": [0, 0, 0.5, 0.4], "texture": "#4"},
				"up": {"uv": [0, 0, 1, 0.5], "texture": "#4"},
				"down": {"uv": [0, 0, 1, 0.5], "texture": "#4"}
			}
		},
		{
			"from": [9.1, 3.69383, 4.70851],
			"to": [10.1, 6.13335, 5.25791],
			"rotation": {"angle": -22.5, "axis": "x", "origin": [12.1, 18.22015, 12.40011]},
			"faces": {
				"north": {"uv": [0, 0, 1, 0.4], "texture": "#4"},
				"east": {"uv": [0, 0, 1, 1.4], "texture": "#4"},
				"south": {"uv": [0, 0, 1, 0.4], "texture": "#4"},
				"west": {"uv": [0, 0, 0.5, 0.4], "texture": "#4"},
				"up": {"uv": [0, 0, 1, 0.5], "texture": "#4"},
				"down": {"uv": [0, 0, 1, 0.5], "texture": "#4"}
			}
		},
		{
			"from": [9.1, 3.18059, -1.26854],
			"to": [10.1, 5.62011, -0.71914],
			"rotation": {"angle": -45, "axis": "x", "origin": [12.1, 17.70691, 6.42306]},
			"faces": {
				"north": {"uv": [0, 0, 1, 0.4], "texture": "#4"},
				"east": {"uv": [0, 0, 1, 1.4], "texture": "#4"},
				"south": {"uv": [0, 0, 1, 0.4], "texture": "#4"},
				"west": {"uv": [0, 0, 0.5, 0.4], "texture": "#4"},
				"up": {"uv": [0, 0, 1, 0.5], "texture": "#4"},
				"down": {"uv": [0, 0, 1, 0.5], "texture": "#4"}
			}
		},
		{
			"from": [9.1, 7.25382, 13.18419],
			"to": [10.1, 7.80322, 15.62371],
			"rotation": {"angle": 22.5, "axis": "x", "origin": [12.1, 14.94542, 1.09739]},
			"faces": {
				"north": {"uv": [0, 0, 1, 0.5], "rotation": 180, "texture": "#4"},
				"east": {"uv": [0, 0, 1, 1.4], "rotation": 90, "texture": "#4"},
				"south": {"uv": [0, 0, 1, 0.5], "texture": "#4"},
				"west": {"uv": [0, 0, 0.5, 0.4], "rotation": 270, "texture": "#4"},
				"up": {"uv": [0, 0, 1, 0.4], "texture": "#4"},
				"down": {"uv": [0, 0, 1, 0.4], "rotation": 180, "texture": "#4"}
			}
		},
		{
			"from": [9.1, 2.66449, 9.32069],
			"to": [10.1, 3.21389, 11.76021],
			"faces": {
				"north": {"uv": [0, 0, 1, 0.5], "rotation": 180, "texture": "#4"},
				"east": {"uv": [0, 0, 1, 1.4], "rotation": 90, "texture": "#4"},
				"south": {"uv": [0, 0, 1, 0.5], "texture": "#4"},
				"west": {"uv": [0, 0, 0.5, 0.4], "rotation": 270, "texture": "#4"},
				"up": {"uv": [0, 0, 1, 0.4], "texture": "#4"},
				"down": {"uv": [0, 0, 1, 0.4], "rotation": 180, "texture": "#4"}
			}
		},
		{
			"from": [9.1, 3.18059, 22.12254],
			"to": [10.1, 5.62011, 22.67194],
			"rotation": {"angle": 45, "axis": "x", "origin": [12.1, 17.70691, 14.98034]},
			"faces": {
				"north": {"uv": [1, 0, 2, 0.4], "texture": "#4"},
				"east": {"uv": [0, 0, 1, 1.4], "texture": "#4"},
				"south": {"uv": [1, 0, 2, 0.4], "texture": "#4"},
				"west": {"uv": [0.5, 0, 1, 0.4], "texture": "#4"},
				"up": {"uv": [0, 0.5, 1, 1], "texture": "#4"},
				"down": {"uv": [0, 0.5, 1, 1], "texture": "#4"}
			}
		},
		{
			"from": [9.1, 3.69383, 16.14549],
			"to": [10.1, 6.13335, 16.69489],
			"rotation": {"angle": 22.5, "axis": "x", "origin": [12.1, 18.22015, 9.00329]},
			"faces": {
				"north": {"uv": [1, 0, 2, 0.4], "texture": "#4"},
				"east": {"uv": [0, 0, 1, 1.4], "texture": "#4"},
				"south": {"uv": [1, 0, 2, 0.4], "texture": "#4"},
				"west": {"uv": [0.5, 0, 1, 0.4], "texture": "#4"},
				"up": {"uv": [0, 0.5, 1, 1], "texture": "#4"},
				"down": {"uv": [0, 0.5, 1, 1], "texture": "#4"}
			}
		},
		{
			"from": [9.1, 7.25382, 7.77969],
			"to": [10.1, 7.80322, 8.21921],
			"rotation": {"angle": -22.5, "axis": "x", "origin": [12.1, 14.94542, 20.30601]},
			"faces": {
				"north": {"uv": [1, 0, 2, 0.5], "texture": "#4"},
				"east": {"uv": [0, 0, 1, 1.4], "rotation": 90, "texture": "#4"},
				"south": {"uv": [1, 0, 2, 0.5], "rotation": 180, "texture": "#4"},
				"west": {"uv": [0, 0.4, 0.5, 0.8], "rotation": 270, "texture": "#4"},
				"up": {"uv": [0, 0.4, 1, 0.8], "texture": "#4"},
				"down": {"uv": [0, 0.4, 1, 0.8], "rotation": 180, "texture": "#4"}
			}
		},
		{
			"from": [9.1, 2.66449, 11.64319],
			"to": [10.1, 3.21389, 12.08271],
			"faces": {
				"north": {"uv": [1, 0, 2, 0.5], "texture": "#4"},
				"east": {"uv": [0, 0, 1, 1.4], "rotation": 90, "texture": "#4"},
				"south": {"uv": [1, 0, 2, 0.5], "rotation": 180, "texture": "#4"},
				"west": {"uv": [0, 0.4, 0.5, 0.8], "rotation": 270, "texture": "#4"},
				"up": {"uv": [0, 0.4, 1, 0.8], "texture": "#4"},
				"down": {"uv": [0, 0.4, 1, 0.8], "rotation": 180, "texture": "#4"}
			}
		},
		{
			"from": [9.1, -1.92484, 7.77969],
			"to": [10.1, -1.37544, 8.21921],
			"rotation": {"angle": 22.5, "axis": "x", "origin": [12.1, -9.06704, 20.30601]},
			"faces": {
				"north": {"uv": [1, 0.5, 2, 1], "texture": "#4"},
				"east": {"uv": [0, 0, 1, 1.4], "rotation": 90, "texture": "#4"},
				"south": {"uv": [1, 0.5, 2, 1], "rotation": 180, "texture": "#4"},
				"west": {"uv": [0.5, 0.4, 1, 0.8], "rotation": 270, "texture": "#4"},
				"up": {"uv": [0, 0.8, 1, 1.2], "rotation": 180, "texture": "#4"},
				"down": {"uv": [0, 0.8, 1, 1.2], "texture": "#4"}
			}
		},
		{
			"from": [9.1, 0.25827, 22.12254],
			"to": [10.1, 0.69779, 22.67194],
			"rotation": {"angle": -45, "axis": "x", "origin": [12.1, -11.82853, 14.98034]},
			"faces": {
				"north": {"uv": [1, 0.4, 2, 0.8], "texture": "#4"},
				"east": {"uv": [0, 0, 1, 1.4], "texture": "#4"},
				"south": {"uv": [1, 0.4, 2, 0.8], "texture": "#4"},
				"west": {"uv": [0.5, 0.4, 1, 0.8], "texture": "#4"},
				"up": {"uv": [0, 1, 1, 1.5], "texture": "#4"},
				"down": {"uv": [0, 1, 1, 1.5], "texture": "#4"}
			}
		},
		{
			"from": [9.1, 1.55818, 10.427],
			"to": [10.1, 1.9977, 10.9764],
			"faces": {
				"north": {"uv": [0, 0.4, 1, 0.8], "texture": "#4"},
				"east": {"uv": [0, 0, 1, 1.4], "texture": "#4"},
				"south": {"uv": [0, 0.4, 1, 0.8], "texture": "#4"},
				"west": {"uv": [0, 0.4, 0.5, 0.8], "texture": "#4"},
				"up": {"uv": [0, 0.5, 1, 1], "texture": "#4"},
				"down": {"uv": [0, 0.5, 1, 1], "texture": "#4"}
			}
		},
		{
			"from": [9.1, -0.25497, 16.14549],
			"to": [10.1, 0.18455, 16.69489],
			"rotation": {"angle": -22.5, "axis": "x", "origin": [12.1, -12.34177, 9.00329]},
			"faces": {
				"north": {"uv": [1, 0.4, 2, 0.8], "texture": "#4"},
				"east": {"uv": [0, 0, 1, 1.4], "texture": "#4"},
				"south": {"uv": [1, 0.4, 2, 0.8], "texture": "#4"},
				"west": {"uv": [0.5, 0.4, 1, 0.8], "texture": "#4"},
				"up": {"uv": [0, 1, 1, 1.5], "texture": "#4"},
				"down": {"uv": [0, 1, 1, 1.5], "texture": "#4"}
			}
		},
		{
			"from": [9.1, -0.25497, 4.70851],
			"to": [10.1, 0.18455, 5.25791],
			"rotation": {"angle": 22.5, "axis": "x", "origin": [12.1, -12.34177, 12.40011]},
			"faces": {
				"north": {"uv": [0, 0.4, 1, 0.8], "texture": "#4"},
				"east": {"uv": [0, 0, 1, 1.4], "texture": "#4"},
				"south": {"uv": [0, 0.4, 1, 0.8], "texture": "#4"},
				"west": {"uv": [0, 0.4, 0.5, 0.8], "texture": "#4"},
				"up": {"uv": [0, 0.5, 1, 1], "texture": "#4"},
				"down": {"uv": [0, 0.5, 1, 1], "texture": "#4"}
			}
		},
		{
			"from": [9.1, 0.25827, -1.26854],
			"to": [10.1, 0.69779, -0.71914],
			"rotation": {"angle": 45, "axis": "x", "origin": [12.1, -11.82853, 6.42306]},
			"faces": {
				"north": {"uv": [0, 0.4, 1, 0.8], "texture": "#4"},
				"east": {"uv": [0, 0, 1, 1.4], "texture": "#4"},
				"south": {"uv": [0, 0.4, 1, 0.8], "texture": "#4"},
				"west": {"uv": [0, 0.4, 0.5, 0.8], "texture": "#4"},
				"up": {"uv": [0, 0.5, 1, 1], "texture": "#4"},
				"down": {"uv": [0, 0.5, 1, 1], "texture": "#4"}
			}
		},
		{
			"from": [9.1, -1.92484, 13.18419],
			"to": [10.1, -1.37544, 15.62371],
			"rotation": {"angle": -22.5, "axis": "x", "origin": [12.1, -9.06704, 1.09739]},
			"faces": {
				"north": {"uv": [0, 0.5, 1, 1], "rotation": 180, "texture": "#4"},
				"east": {"uv": [0, 0, 1, 1.4], "rotation": 90, "texture": "#4"},
				"south": {"uv": [0, 0.5, 1, 1], "texture": "#4"},
				"west": {"uv": [0.5, 0, 1, 0.4], "rotation": 270, "texture": "#4"},
				"up": {"uv": [0, 0.4, 1, 0.8], "rotation": 180, "texture": "#4"},
				"down": {"uv": [0, 0.4, 1, 0.8], "texture": "#4"}
			}
		},
		{
			"from": [9.4, 0.59778, 4.58409],
			"to": [10.4, 1.25508, 4.73212],
			"faces": {
				"north": {"uv": [0, 0, 1, 0.4], "texture": "#3"},
				"east": {"uv": [1, 1, 2, 2.4], "texture": "#3"},
				"south": {"uv": [0, 0, 1, 0.4], "texture": "#3"},
				"west": {"uv": [0, 0, 0.5, 0.4], "texture": "#3"},
				"up": {"uv": [0, 0, 1, 0.5], "texture": "#3"},
				"down": {"uv": [0, 0, 1, 0.5], "texture": "#3"}
			}
		},
		{
			"from": [9.4, 1.08631, 3.04331],
			"to": [10.4, 1.74361, 3.19134],
			"rotation": {"angle": -22.5, "axis": "x", "origin": [12.4, 5.00026, 5.11573]},
			"faces": {
				"north": {"uv": [0, 0, 1, 0.4], "texture": "#3"},
				"east": {"uv": [1, 1, 2, 2.4], "texture": "#3"},
				"south": {"uv": [0, 0, 1, 0.4], "texture": "#3"},
				"west": {"uv": [0, 0, 0.5, 0.4], "texture": "#3"},
				"up": {"uv": [0, 0, 1, 0.5], "texture": "#3"},
				"down": {"uv": [0, 0, 1, 0.5], "texture": "#3"}
			}
		},
		{
			"from": [9.4, 0.94803, 1.43287],
			"to": [10.4, 1.60533, 1.5809],
			"rotation": {"angle": -45, "axis": "x", "origin": [12.4, 4.86197, 3.50528]},
			"faces": {
				"north": {"uv": [0, 0, 1, 0.4], "texture": "#3"},
				"east": {"uv": [1, 1, 2, 2.4], "texture": "#3"},
				"south": {"uv": [0, 0, 1, 0.4], "texture": "#3"},
				"west": {"uv": [0, 0, 0.5, 0.4], "texture": "#3"},
				"up": {"uv": [0, 0, 1, 0.5], "texture": "#3"},
				"down": {"uv": [0, 0, 1, 0.5], "texture": "#3"}
			}
		},
		{
			"from": [9.4, 2.04551, 5.32699],
			"to": [10.4, 2.19354, 5.98429],
			"rotation": {"angle": 22.5, "axis": "x", "origin": [12.4, 4.11792, 2.07034]},
			"faces": {
				"north": {"uv": [0, 0, 1, 0.5], "rotation": 180, "texture": "#3"},
				"east": {"uv": [1, 1, 2, 2.4], "texture": "#3"},
				"south": {"uv": [0, 0, 1, 0.5], "texture": "#3"},
				"west": {"uv": [0, 0, 0.5, 0.4], "rotation": 270, "texture": "#3"},
				"up": {"uv": [0, 0, 1, 0.4], "texture": "#3"},
				"down": {"uv": [0, 0, 1, 0.4], "rotation": 180, "texture": "#3"}
			}
		},
		{
			"from": [9.4, 0.80897, 4.28601],
			"to": [10.4, 0.957, 4.94331],
			"faces": {
				"north": {"uv": [0, 0, 1, 0.5], "rotation": 180, "texture": "#3"},
				"east": {"uv": [1, 1, 2, 2.4], "texture": "#3"},
				"south": {"uv": [0, 0, 1, 0.5], "texture": "#3"},
				"west": {"uv": [0, 0, 0.5, 0.4], "rotation": 270, "texture": "#3"},
				"up": {"uv": [0, 0, 1, 0.4], "texture": "#3"},
				"down": {"uv": [0, 0, 1, 0.4], "rotation": 180, "texture": "#3"}
			}
		},
		{
			"from": [9.4, 0.94803, 7.73532],
			"to": [10.4, 1.60533, 7.88335],
			"rotation": {"angle": 45, "axis": "x", "origin": [12.4, 4.86197, 5.81094]},
			"faces": {
				"north": {"uv": [1, 0, 2, 0.4], "texture": "#3"},
				"east": {"uv": [1, 1, 2, 2.4], "texture": "#3"},
				"south": {"uv": [1, 0, 2, 0.4], "texture": "#3"},
				"west": {"uv": [0.5, 0, 1, 0.4], "texture": "#3"},
				"up": {"uv": [0, 0.5, 1, 1], "texture": "#3"},
				"down": {"uv": [0, 0.5, 1, 1], "texture": "#3"}
			}
		},
		{
			"from": [9.4, 1.08631, 6.12487],
			"to": [10.4, 1.74361, 6.2729],
			"rotation": {"angle": 22.5, "axis": "x", "origin": [12.4, 5.00026, 4.20049]},
			"faces": {
				"north": {"uv": [1, 0, 2, 0.4], "texture": "#3"},
				"east": {"uv": [1, 1, 2, 2.4], "texture": "#3"},
				"south": {"uv": [1, 0, 2, 0.4], "texture": "#3"},
				"west": {"uv": [0.5, 0, 1, 0.4], "texture": "#3"},
				"up": {"uv": [0, 0.5, 1, 1], "texture": "#3"},
				"down": {"uv": [0, 0.5, 1, 1], "texture": "#3"}
			}
		},
		{
			"from": [9.4, 2.04551, 3.87081],
			"to": [10.4, 2.19354, 3.98923],
			"rotation": {"angle": -22.5, "axis": "x", "origin": [12.4, 4.11792, 7.24588]},
			"faces": {
				"north": {"uv": [1, 0, 2, 0.5], "texture": "#3"},
				"east": {"uv": [1, 1, 2, 2.4], "texture": "#3"},
				"south": {"uv": [1, 0, 2, 0.5], "rotation": 180, "texture": "#3"},
				"west": {"uv": [0, 0.4, 0.5, 0.8], "rotation": 270, "texture": "#3"},
				"up": {"uv": [0, 0.4, 1, 0.8], "texture": "#3"},
				"down": {"uv": [0, 0.4, 1, 0.8], "rotation": 180, "texture": "#3"}
			}
		},
		{
			"from": [9.4, 0.80897, 4.91178],
			"to": [10.4, 0.957, 5.03021],
			"faces": {
				"north": {"uv": [1, 0, 2, 0.5], "texture": "#3"},
				"east": {"uv": [1, 1, 2, 2.4], "texture": "#3"},
				"south": {"uv": [1, 0, 2, 0.5], "rotation": 180, "texture": "#3"},
				"west": {"uv": [0, 0.4, 0.5, 0.8], "rotation": 270, "texture": "#3"},
				"up": {"uv": [0, 0.4, 1, 0.8], "texture": "#3"},
				"down": {"uv": [0, 0.4, 1, 0.8], "rotation": 180, "texture": "#3"}
			}
		},
		{
			"from": [9.4, -0.42757, 3.87081],
			"to": [10.4, -0.27954, 3.98923],
			"rotation": {"angle": 22.5, "axis": "x", "origin": [12.4, -2.35196, 7.24588]},
			"faces": {
				"north": {"uv": [1, 0.5, 2, 1], "texture": "#3"},
				"east": {"uv": [1, 1, 2, 2.4], "texture": "#3"},
				"south": {"uv": [1, 0.5, 2, 1], "rotation": 180, "texture": "#3"},
				"west": {"uv": [0.5, 0.4, 1, 0.8], "rotation": 270, "texture": "#3"},
				"up": {"uv": [0, 0.8, 1, 1.2], "rotation": 180, "texture": "#3"},
				"down": {"uv": [0, 0.8, 1, 1.2], "texture": "#3"}
			}
		},
		{
			"from": [9.4, 0.16064, 7.73532],
			"to": [10.4, 0.27906, 7.88335],
			"rotation": {"angle": -45, "axis": "x", "origin": [12.4, -3.09601, 5.81094]},
			"faces": {
				"north": {"uv": [1, 0.4, 2, 0.8], "texture": "#3"},
				"east": {"uv": [1, 1, 2, 2.4], "texture": "#3"},
				"south": {"uv": [1, 0.4, 2, 0.8], "texture": "#3"},
				"west": {"uv": [0.5, 0.4, 1, 0.8], "texture": "#3"},
				"up": {"uv": [0, 1, 1, 1.5], "texture": "#3"},
				"down": {"uv": [0, 1, 1, 1.5], "texture": "#3"}
			}
		},
		{
			"from": [9.4, 0.51089, 4.58409],
			"to": [10.4, 0.62931, 4.73212],
			"faces": {
				"north": {"uv": [0, 0.4, 1, 0.8], "texture": "#3"},
				"east": {"uv": [1, 1, 2, 2.4], "texture": "#3"},
				"south": {"uv": [0, 0.4, 1, 0.8], "texture": "#3"},
				"west": {"uv": [0, 0.4, 0.5, 0.8], "texture": "#3"},
				"up": {"uv": [0, 0.5, 1, 1], "texture": "#3"},
				"down": {"uv": [0, 0.5, 1, 1], "texture": "#3"}
			}
		},
		{
			"from": [9.4, 0.02235, 6.12487],
			"to": [10.4, 0.14078, 6.2729],
			"rotation": {"angle": -22.5, "axis": "x", "origin": [12.4, -3.23429, 4.20049]},
			"faces": {
				"north": {"uv": [1, 0.4, 2, 0.8], "texture": "#3"},
				"east": {"uv": [1, 1, 2, 2.4], "texture": "#3"},
				"south": {"uv": [1, 0.4, 2, 0.8], "texture": "#3"},
				"west": {"uv": [0.5, 0.4, 1, 0.8], "texture": "#3"},
				"up": {"uv": [0, 1, 1, 1.5], "texture": "#3"},
				"down": {"uv": [0, 1, 1, 1.5], "texture": "#3"}
			}
		},
		{
			"from": [9.4, 0.02235, 3.04331],
			"to": [10.4, 0.14078, 3.19134],
			"rotation": {"angle": 22.5, "axis": "x", "origin": [12.4, -3.23429, 5.11573]},
			"faces": {
				"north": {"uv": [0, 0.4, 1, 0.8], "texture": "#3"},
				"east": {"uv": [1, 1, 2, 2.4], "texture": "#3"},
				"south": {"uv": [0, 0.4, 1, 0.8], "texture": "#3"},
				"west": {"uv": [0, 0.4, 0.5, 0.8], "texture": "#3"},
				"up": {"uv": [0, 0.5, 1, 1], "texture": "#3"},
				"down": {"uv": [0, 0.5, 1, 1], "texture": "#3"}
			}
		},
		{
			"from": [9.4, 0.16064, 1.43287],
			"to": [10.4, 0.27906, 1.5809],
			"rotation": {"angle": 45, "axis": "x", "origin": [12.4, -3.09601, 3.50528]},
			"faces": {
				"north": {"uv": [0, 0.4, 1, 0.8], "texture": "#3"},
				"east": {"uv": [1, 1, 2, 2.4], "texture": "#3"},
				"south": {"uv": [0, 0.4, 1, 0.8], "texture": "#3"},
				"west": {"uv": [0, 0.4, 0.5, 0.8], "texture": "#3"},
				"up": {"uv": [0, 0.5, 1, 1], "texture": "#3"},
				"down": {"uv": [0, 0.5, 1, 1], "texture": "#3"}
			}
		},
		{
			"from": [9.4, -0.42757, 5.32699],
			"to": [10.4, -0.27954, 5.98429],
			"rotation": {"angle": -22.5, "axis": "x", "origin": [12.4, -2.35196, 2.07034]},
			"faces": {
				"north": {"uv": [0, 0.5, 1, 1], "rotation": 180, "texture": "#3"},
				"east": {"uv": [1, 1, 2, 2.4], "texture": "#3"},
				"south": {"uv": [0, 0.5, 1, 1], "texture": "#3"},
				"west": {"uv": [0.5, 0, 1, 0.4], "rotation": 270, "texture": "#3"},
				"up": {"uv": [0, 0.4, 1, 0.8], "rotation": 180, "texture": "#3"},
				"down": {"uv": [0, 0.4, 1, 0.8], "texture": "#3"}
			}
		},
		{
			"from": [9.4, 0.59778, 7.78409],
			"to": [10.4, 1.25508, 7.93212],
			"faces": {
				"north": {"uv": [0, 0, 1, 0.4], "texture": "#3"},
				"east": {"uv": [1, 1, 2, 2.4], "texture": "#3"},
				"south": {"uv": [0, 0, 1, 0.4], "texture": "#3"},
				"west": {"uv": [0, 0, 0.5, 0.4], "texture": "#3"},
				"up": {"uv": [0, 0, 1, 0.5], "texture": "#3"},
				"down": {"uv": [0, 0, 1, 0.5], "texture": "#3"}
			}
		},
		{
			"from": [9.4, 1.08631, 6.24331],
			"to": [10.4, 1.74361, 6.39134],
			"rotation": {"angle": -22.5, "axis": "x", "origin": [12.4, 5.00026, 8.31573]},
			"faces": {
				"north": {"uv": [0, 0, 1, 0.4], "texture": "#3"},
				"east": {"uv": [1, 1, 2, 2.4], "texture": "#3"},
				"south": {"uv": [0, 0, 1, 0.4], "texture": "#3"},
				"west": {"uv": [0, 0, 0.5, 0.4], "texture": "#3"},
				"up": {"uv": [0, 0, 1, 0.5], "texture": "#3"},
				"down": {"uv": [0, 0, 1, 0.5], "texture": "#3"}
			}
		},
		{
			"from": [9.4, 0.94803, 4.63287],
			"to": [10.4, 1.60533, 4.7809],
			"rotation": {"angle": -45, "axis": "x", "origin": [12.4, 4.86197, 6.70528]},
			"faces": {
				"north": {"uv": [0, 0, 1, 0.4], "texture": "#3"},
				"east": {"uv": [1, 1, 2, 2.4], "texture": "#3"},
				"south": {"uv": [0, 0, 1, 0.4], "texture": "#3"},
				"west": {"uv": [0, 0, 0.5, 0.4], "texture": "#3"},
				"up": {"uv": [0, 0, 1, 0.5], "texture": "#3"},
				"down": {"uv": [0, 0, 1, 0.5], "texture": "#3"}
			}
		},
		{
			"from": [9.4, 2.04551, 8.52699],
			"to": [10.4, 2.19354, 9.18429],
			"rotation": {"angle": 22.5, "axis": "x", "origin": [12.4, 4.11792, 5.27034]},
			"faces": {
				"north": {"uv": [0, 0, 1, 0.5], "rotation": 180, "texture": "#3"},
				"east": {"uv": [1, 1, 2, 2.4], "texture": "#3"},
				"south": {"uv": [0, 0, 1, 0.5], "texture": "#3"},
				"west": {"uv": [0, 0, 0.5, 0.4], "rotation": 270, "texture": "#3"},
				"up": {"uv": [0, 0, 1, 0.4], "texture": "#3"},
				"down": {"uv": [0, 0, 1, 0.4], "rotation": 180, "texture": "#3"}
			}
		},
		{
			"from": [9.4, 0.80897, 7.48601],
			"to": [10.4, 0.957, 8.14331],
			"faces": {
				"north": {"uv": [0, 0, 1, 0.5], "rotation": 180, "texture": "#3"},
				"east": {"uv": [1, 1, 2, 2.4], "texture": "#3"},
				"south": {"uv": [0, 0, 1, 0.5], "texture": "#3"},
				"west": {"uv": [0, 0, 0.5, 0.4], "rotation": 270, "texture": "#3"},
				"up": {"uv": [0, 0, 1, 0.4], "texture": "#3"},
				"down": {"uv": [0, 0, 1, 0.4], "rotation": 180, "texture": "#3"}
			}
		},
		{
			"from": [9.4, 0.94803, 10.93532],
			"to": [10.4, 1.60533, 11.08335],
			"rotation": {"angle": 45, "axis": "x", "origin": [12.4, 4.86197, 9.01094]},
			"faces": {
				"north": {"uv": [1, 0, 2, 0.4], "texture": "#3"},
				"east": {"uv": [1, 1, 2, 2.4], "texture": "#3"},
				"south": {"uv": [1, 0, 2, 0.4], "texture": "#3"},
				"west": {"uv": [0.5, 0, 1, 0.4], "texture": "#3"},
				"up": {"uv": [0, 0.5, 1, 1], "texture": "#3"},
				"down": {"uv": [0, 0.5, 1, 1], "texture": "#3"}
			}
		},
		{
			"from": [9.4, 1.08631, 9.32487],
			"to": [10.4, 1.74361, 9.4729],
			"rotation": {"angle": 22.5, "axis": "x", "origin": [12.4, 5.00026, 7.40049]},
			"faces": {
				"north": {"uv": [1, 0, 2, 0.4], "texture": "#3"},
				"east": {"uv": [1, 1, 2, 2.4], "texture": "#3"},
				"south": {"uv": [1, 0, 2, 0.4], "texture": "#3"},
				"west": {"uv": [0.5, 0, 1, 0.4], "texture": "#3"},
				"up": {"uv": [0, 0.5, 1, 1], "texture": "#3"},
				"down": {"uv": [0, 0.5, 1, 1], "texture": "#3"}
			}
		},
		{
			"from": [9.4, 2.04551, 7.07081],
			"to": [10.4, 2.19354, 7.18923],
			"rotation": {"angle": -22.5, "axis": "x", "origin": [12.4, 4.11792, 10.44588]},
			"faces": {
				"north": {"uv": [1, 0, 2, 0.5], "texture": "#3"},
				"east": {"uv": [1, 1, 2, 2.4], "texture": "#3"},
				"south": {"uv": [1, 0, 2, 0.5], "rotation": 180, "texture": "#3"},
				"west": {"uv": [0, 0.4, 0.5, 0.8], "rotation": 270, "texture": "#3"},
				"up": {"uv": [0, 0.4, 1, 0.8], "texture": "#3"},
				"down": {"uv": [0, 0.4, 1, 0.8], "rotation": 180, "texture": "#3"}
			}
		},
		{
			"from": [9.4, 0.80897, 8.11178],
			"to": [10.4, 0.957, 8.23021],
			"faces": {
				"north": {"uv": [1, 0, 2, 0.5], "texture": "#3"},
				"east": {"uv": [1, 1, 2, 2.4], "texture": "#3"},
				"south": {"uv": [1, 0, 2, 0.5], "rotation": 180, "texture": "#3"},
				"west": {"uv": [0, 0.4, 0.5, 0.8], "rotation": 270, "texture": "#3"},
				"up": {"uv": [0, 0.4, 1, 0.8], "texture": "#3"},
				"down": {"uv": [0, 0.4, 1, 0.8], "rotation": 180, "texture": "#3"}
			}
		},
		{
			"from": [9.4, -0.42757, 7.07081],
			"to": [10.4, -0.27954, 7.18923],
			"rotation": {"angle": 22.5, "axis": "x", "origin": [12.4, -2.35196, 10.44588]},
			"faces": {
				"north": {"uv": [1, 0.5, 2, 1], "texture": "#3"},
				"east": {"uv": [1, 1, 2, 2.4], "texture": "#3"},
				"south": {"uv": [1, 0.5, 2, 1], "rotation": 180, "texture": "#3"},
				"west": {"uv": [0.5, 0.4, 1, 0.8], "rotation": 270, "texture": "#3"},
				"up": {"uv": [0, 0.8, 1, 1.2], "rotation": 180, "texture": "#3"},
				"down": {"uv": [0, 0.8, 1, 1.2], "texture": "#3"}
			}
		},
		{
			"from": [9.4, 0.16064, 10.93532],
			"to": [10.4, 0.27906, 11.08335],
			"rotation": {"angle": -45, "axis": "x", "origin": [12.4, -3.09601, 9.01094]},
			"faces": {
				"north": {"uv": [1, 0.4, 2, 0.8], "texture": "#3"},
				"east": {"uv": [1, 1, 2, 2.4], "texture": "#3"},
				"south": {"uv": [1, 0.4, 2, 0.8], "texture": "#3"},
				"west": {"uv": [0.5, 0.4, 1, 0.8], "texture": "#3"},
				"up": {"uv": [0, 1, 1, 1.5], "texture": "#3"},
				"down": {"uv": [0, 1, 1, 1.5], "texture": "#3"}
			}
		},
		{
			"from": [9.4, 0.51089, 7.78409],
			"to": [10.4, 0.62931, 7.93212],
			"faces": {
				"north": {"uv": [0, 0.4, 1, 0.8], "texture": "#3"},
				"east": {"uv": [1, 1, 2, 2.4], "texture": "#3"},
				"south": {"uv": [0, 0.4, 1, 0.8], "texture": "#3"},
				"west": {"uv": [0, 0.4, 0.5, 0.8], "texture": "#3"},
				"up": {"uv": [0, 0.5, 1, 1], "texture": "#3"},
				"down": {"uv": [0, 0.5, 1, 1], "texture": "#3"}
			}
		},
		{
			"from": [9.4, 0.02235, 9.32487],
			"to": [10.4, 0.14078, 9.4729],
			"rotation": {"angle": -22.5, "axis": "x", "origin": [12.4, -3.23429, 7.40049]},
			"faces": {
				"north": {"uv": [1, 0.4, 2, 0.8], "texture": "#3"},
				"east": {"uv": [1, 1, 2, 2.4], "texture": "#3"},
				"south": {"uv": [1, 0.4, 2, 0.8], "texture": "#3"},
				"west": {"uv": [0.5, 0.4, 1, 0.8], "texture": "#3"},
				"up": {"uv": [0, 1, 1, 1.5], "texture": "#3"},
				"down": {"uv": [0, 1, 1, 1.5], "texture": "#3"}
			}
		},
		{
			"from": [9.4, 0.02235, 6.24331],
			"to": [10.4, 0.14078, 6.39134],
			"rotation": {"angle": 22.5, "axis": "x", "origin": [12.4, -3.23429, 8.31573]},
			"faces": {
				"north": {"uv": [0, 0.4, 1, 0.8], "texture": "#3"},
				"east": {"uv": [1, 1, 2, 2.4], "texture": "#3"},
				"south": {"uv": [0, 0.4, 1, 0.8], "texture": "#3"},
				"west": {"uv": [0, 0.4, 0.5, 0.8], "texture": "#3"},
				"up": {"uv": [0, 0.5, 1, 1], "texture": "#3"},
				"down": {"uv": [0, 0.5, 1, 1], "texture": "#3"}
			}
		},
		{
			"from": [9.4, 0.16064, 4.63287],
			"to": [10.4, 0.27906, 4.7809],
			"rotation": {"angle": 45, "axis": "x", "origin": [12.4, -3.09601, 6.70528]},
			"faces": {
				"north": {"uv": [0, 0.4, 1, 0.8], "texture": "#3"},
				"east": {"uv": [1, 1, 2, 2.4], "texture": "#3"},
				"south": {"uv": [0, 0.4, 1, 0.8], "texture": "#3"},
				"west": {"uv": [0, 0.4, 0.5, 0.8], "texture": "#3"},
				"up": {"uv": [0, 0.5, 1, 1], "texture": "#3"},
				"down": {"uv": [0, 0.5, 1, 1], "texture": "#3"}
			}
		},
		{
			"from": [9.4, -0.42757, 8.52699],
			"to": [10.4, -0.27954, 9.18429],
			"rotation": {"angle": -22.5, "axis": "x", "origin": [12.4, -2.35196, 5.27034]},
			"faces": {
				"north": {"uv": [0, 0.5, 1, 1], "rotation": 180, "texture": "#3"},
				"east": {"uv": [1, 1, 2, 2.4], "texture": "#3"},
				"south": {"uv": [0, 0.5, 1, 1], "texture": "#3"},
				"west": {"uv": [0.5, 0, 1, 0.4], "rotation": 270, "texture": "#3"},
				"up": {"uv": [0, 0.4, 1, 0.8], "rotation": 180, "texture": "#3"},
				"down": {"uv": [0, 0.4, 1, 0.8], "texture": "#3"}
			}
		},
		{
			"from": [9.1, 4.2, 3.8],
			"to": [10.2, 4.3, 8.3],
			"faces": {
				"north": {"uv": [0, 0, 1.1, 0.1], "texture": "#3"},
				"east": {"uv": [0, 0, 4.5, 0.1], "texture": "#3"},
				"south": {"uv": [0, 0, 1.1, 0.1], "texture": "#3"},
				"west": {"uv": [0, 0, 4.5, 0.1], "texture": "#3"},
				"up": {"uv": [0, 0, 1.1, 4.5], "texture": "#3"},
				"down": {"uv": [0, 0, 1.1, 4.5], "texture": "#3"}
			}
		},
		{
			"from": [9.1, 3.1, 3.8],
			"to": [10.2, 3.2, 8.3],
			"faces": {
				"north": {"uv": [0, 0, 1.1, 0.1], "texture": "#3"},
				"east": {"uv": [0, 0, 4.5, 0.1], "texture": "#3"},
				"south": {"uv": [0, 0, 1.1, 0.1], "texture": "#3"},
				"west": {"uv": [0, 0, 4.5, 0.1], "texture": "#3"},
				"up": {"uv": [0, 0, 1.1, 4.5], "texture": "#3"},
				"down": {"uv": [0, 0, 1.1, 4.5], "texture": "#3"}
			}
		},
		{
			"from": [9.1, 3.1, 3.7],
			"to": [10.2, 4.3, 3.8],
			"faces": {
				"north": {"uv": [0, 0, 1.1, 1.2], "texture": "#3"},
				"east": {"uv": [0, 0, 0.1, 1.2], "texture": "#3"},
				"south": {"uv": [0, 0, 1.1, 1.2], "texture": "#3"},
				"west": {"uv": [0, 0, 0.1, 1.2], "texture": "#3"},
				"up": {"uv": [0, 0, 1.1, 0.1], "texture": "#3"},
				"down": {"uv": [0, 0, 1.1, 0.1], "texture": "#3"}
			}
		},
		{
			"from": [9.1, 3.1, 8.3],
			"to": [10.2, 4.3, 8.4],
			"faces": {
				"north": {"uv": [0, 0, 1.1, 1.2], "texture": "#3"},
				"east": {"uv": [0, 0, 0.1, 1.2], "texture": "#3"},
				"south": {"uv": [0, 0, 1.1, 1.2], "texture": "#3"},
				"west": {"uv": [0, 0, 0.1, 1.2], "texture": "#3"},
				"up": {"uv": [0, 0, 1.1, 0.1], "texture": "#3"},
				"down": {"uv": [0, 0, 1.1, 0.1], "texture": "#3"}
			}
		},
		{
			"from": [9.1, 3.2, 7.7],
			"to": [10.1, 3.6, 7.8],
			"faces": {
				"north": {"uv": [0, 0, 0.1, 0.4], "texture": "#5"},
				"east": {"uv": [0, 0, 0.1, 0.4], "texture": "#5"},
				"south": {"uv": [0, 0, 0.1, 0.4], "texture": "#5"},
				"west": {"uv": [0, 0, 0.1, 0.4], "texture": "#5"},
				"up": {"uv": [0, 0, 0.1, 0.4], "texture": "#5"},
				"down": {"uv": [0, 0, 0.1, 0.4], "texture": "#5"}
			}
		},
		{
			"from": [9.1, 3.2, 8.1],
			"to": [10.1, 3.6, 8.2],
			"faces": {
				"north": {"uv": [0, 0, 0.1, 0.4], "texture": "#5"},
				"east": {"uv": [0, 0, 0.1, 0.4], "texture": "#5"},
				"south": {"uv": [0, 0, 0.1, 0.4], "texture": "#5"},
				"west": {"uv": [0, 0, 0.1, 0.4], "texture": "#5"},
				"up": {"uv": [0, 0, 0.1, 0.4], "texture": "#5"},
				"down": {"uv": [0, 0, 0.1, 0.4], "texture": "#5"}
			}
		},
		{
			"from": [9.1, 3.2, 7.9],
			"to": [10.1, 3.7, 8],
			"faces": {
				"north": {"uv": [0, 0, 0.1, 0.5], "texture": "#5"},
				"east": {"uv": [0, 0, 0.1, 0.5], "texture": "#5"},
				"south": {"uv": [0, 0, 0.1, 0.5], "texture": "#5"},
				"west": {"uv": [0, 0, 0.1, 0.5], "texture": "#5"},
				"up": {"uv": [0, 0, 0.1, 0.5], "texture": "#5"},
				"down": {"uv": [0, 0, 0.1, 0.5], "texture": "#5"}
			}
		},
		{
			"from": [9.1, 3.2, 7.5],
			"to": [10.1, 4, 7.6],
			"faces": {
				"north": {"uv": [0, 0, 0.1, 0.8], "texture": "#5"},
				"east": {"uv": [0, 0, 0.1, 0.8], "texture": "#5"},
				"south": {"uv": [0, 0, 0.1, 0.8], "texture": "#5"},
				"west": {"uv": [0, 0, 0.1, 0.8], "texture": "#5"},
				"up": {"uv": [0, 0, 0.1, 0.8], "texture": "#5"},
				"down": {"uv": [0, 0, 0.1, 0.8], "texture": "#5"}
			}
		},
		{
			"from": [9.1, 3.2, 3.8],
			"to": [10.05, 4.2, 8.3],
			"faces": {
				"north": {"uv": [0, 0, 0.95, 1], "texture": "#0"},
				"east": {"uv": [0, 0, 4.5, 1], "texture": "#0"},
				"south": {"uv": [0, 0, 0.95, 1], "texture": "#0"},
				"west": {"uv": [0, 0, 4.5, 1], "texture": "#0"},
				"up": {"uv": [0, 0, 0.95, 4.5], "texture": "#0"},
				"down": {"uv": [0, 0, 0.95, 4.5], "texture": "#0"}
			}
		},
		{
			"from": [9.1, 3.2, 7.3],
			"to": [10.1, 3.6, 7.4],
			"faces": {
				"north": {"uv": [0, 0, 0.1, 0.4], "texture": "#5"},
				"east": {"uv": [0, 0, 0.1, 0.4], "texture": "#5"},
				"south": {"uv": [0, 0, 0.1, 0.4], "texture": "#5"},
				"west": {"uv": [0, 0, 0.1, 0.4], "texture": "#5"},
				"up": {"uv": [0, 0, 0.1, 0.4], "texture": "#5"},
				"down": {"uv": [0, 0, 0.1, 0.4], "texture": "#5"}
			}
		},
		{
			"from": [9.1, 3.2, 7.1],
			"to": [10.1, 3.7, 7.2],
			"faces": {
				"north": {"uv": [0, 0, 0.1, 0.5], "texture": "#5"},
				"east": {"uv": [0, 0, 0.1, 0.5], "texture": "#5"},
				"south": {"uv": [0, 0, 0.1, 0.5], "texture": "#5"},
				"west": {"uv": [0, 0, 0.1, 0.5], "texture": "#5"},
				"up": {"uv": [0, 0, 0.1, 0.5], "texture": "#5"},
				"down": {"uv": [0, 0, 0.1, 0.5], "texture": "#5"}
			}
		},
		{
			"from": [9.1, 3.2, 6.7],
			"to": [10.1, 4, 6.8],
			"faces": {
				"north": {"uv": [0, 0, 0.1, 0.8], "texture": "#5"},
				"east": {"uv": [0, 0, 0.1, 0.8], "texture": "#5"},
				"south": {"uv": [0, 0, 0.1, 0.8], "texture": "#5"},
				"west": {"uv": [0, 0, 0.1, 0.8], "texture": "#5"},
				"up": {"uv": [0, 0, 0.1, 0.8], "texture": "#5"},
				"down": {"uv": [0, 0, 0.1, 0.8], "texture": "#5"}
			}
		},
		{
			"from": [9.1, 3.2, 6.9],
			"to": [10.1, 3.6, 7],
			"faces": {
				"north": {"uv": [0, 0, 0.1, 0.4], "texture": "#5"},
				"east": {"uv": [0, 0, 0.1, 0.4], "texture": "#5"},
				"south": {"uv": [0, 0, 0.1, 0.4], "texture": "#5"},
				"west": {"uv": [0, 0, 0.1, 0.4], "texture": "#5"},
				"up": {"uv": [0, 0, 0.1, 0.4], "texture": "#5"},
				"down": {"uv": [0, 0, 0.1, 0.4], "texture": "#5"}
			}
		},
		{
			"from": [9.1, 3.2, 5.7],
			"to": [10.1, 3.6, 5.8],
			"faces": {
				"north": {"uv": [0, 0, 0.1, 0.4], "texture": "#5"},
				"east": {"uv": [0, 0, 0.1, 0.4], "texture": "#5"},
				"south": {"uv": [0, 0, 0.1, 0.4], "texture": "#5"},
				"west": {"uv": [0, 0, 0.1, 0.4], "texture": "#5"},
				"up": {"uv": [0, 0, 0.1, 0.4], "texture": "#5"},
				"down": {"uv": [0, 0, 0.1, 0.4], "texture": "#5"}
			}
		},
		{
			"from": [9.1, 3.2, 6.1],
			"to": [10.1, 3.6, 6.2],
			"faces": {
				"north": {"uv": [0, 0, 0.1, 0.4], "texture": "#5"},
				"east": {"uv": [0, 0, 0.1, 0.4], "texture": "#5"},
				"south": {"uv": [0, 0, 0.1, 0.4], "texture": "#5"},
				"west": {"uv": [0, 0, 0.1, 0.4], "texture": "#5"},
				"up": {"uv": [0, 0, 0.1, 0.4], "texture": "#5"},
				"down": {"uv": [0, 0, 0.1, 0.4], "texture": "#5"}
			}
		},
		{
			"from": [9.1, 3.2, 4.1],
			"to": [10.1, 3.6, 4.2],
			"faces": {
				"north": {"uv": [0, 0, 0.1, 0.4], "texture": "#5"},
				"east": {"uv": [0, 0, 0.1, 0.4], "texture": "#5"},
				"south": {"uv": [0, 0, 0.1, 0.4], "texture": "#5"},
				"west": {"uv": [0, 0, 0.1, 0.4], "texture": "#5"},
				"up": {"uv": [0, 0, 0.1, 0.4], "texture": "#5"},
				"down": {"uv": [0, 0, 0.1, 0.4], "texture": "#5"}
			}
		},
		{
			"from": [9.1, 3.2, 4.5],
			"to": [10.1, 3.6, 4.6],
			"faces": {
				"north": {"uv": [0, 0, 0.1, 0.4], "texture": "#5"},
				"east": {"uv": [0, 0, 0.1, 0.4], "texture": "#5"},
				"south": {"uv": [0, 0, 0.1, 0.4], "texture": "#5"},
				"west": {"uv": [0, 0, 0.1, 0.4], "texture": "#5"},
				"up": {"uv": [0, 0, 0.1, 0.4], "texture": "#5"},
				"down": {"uv": [0, 0, 0.1, 0.4], "texture": "#5"}
			}
		},
		{
			"from": [9.1, 3.2, 4.9],
			"to": [10.1, 3.6, 5],
			"faces": {
				"north": {"uv": [0, 0, 0.1, 0.4], "texture": "#5"},
				"east": {"uv": [0, 0, 0.1, 0.4], "texture": "#5"},
				"south": {"uv": [0, 0, 0.1, 0.4], "texture": "#5"},
				"west": {"uv": [0, 0, 0.1, 0.4], "texture": "#5"},
				"up": {"uv": [0, 0, 0.1, 0.4], "texture": "#5"},
				"down": {"uv": [0, 0, 0.1, 0.4], "texture": "#5"}
			}
		},
		{
			"from": [9.1, 3.2, 5.3],
			"to": [10.1, 3.6, 5.4],
			"faces": {
				"north": {"uv": [0, 0, 0.1, 0.4], "texture": "#5"},
				"east": {"uv": [0, 0, 0.1, 0.4], "texture": "#5"},
				"south": {"uv": [0, 0, 0.1, 0.4], "texture": "#5"},
				"west": {"uv": [0, 0, 0.1, 0.4], "texture": "#5"},
				"up": {"uv": [0, 0, 0.1, 0.4], "texture": "#5"},
				"down": {"uv": [0, 0, 0.1, 0.4], "texture": "#5"}
			}
		},
		{
			"from": [9.1, 3.2, 4.7],
			"to": [10.1, 3.7, 4.8],
			"faces": {
				"north": {"uv": [0, 0, 0.1, 0.5], "texture": "#5"},
				"east": {"uv": [0, 0, 0.1, 0.5], "texture": "#5"},
				"south": {"uv": [0, 0, 0.1, 0.5], "texture": "#5"},
				"west": {"uv": [0, 0, 0.1, 0.5], "texture": "#5"},
				"up": {"uv": [0, 0, 0.1, 0.5], "texture": "#5"},
				"down": {"uv": [0, 0, 0.1, 0.5], "texture": "#5"}
			}
		},
		{
			"from": [9.1, 3.2, 5.5],
			"to": [10.1, 3.7, 5.6],
			"faces": {
				"north": {"uv": [0, 0, 0.1, 0.5], "texture": "#5"},
				"east": {"uv": [0, 0, 0.1, 0.5], "texture": "#5"},
				"south": {"uv": [0, 0, 0.1, 0.5], "texture": "#5"},
				"west": {"uv": [0, 0, 0.1, 0.5], "texture": "#5"},
				"up": {"uv": [0, 0, 0.1, 0.5], "texture": "#5"},
				"down": {"uv": [0, 0, 0.1, 0.5], "texture": "#5"}
			}
		},
		{
			"from": [9.1, 3.2, 6.3],
			"to": [10.1, 3.7, 6.4],
			"faces": {
				"north": {"uv": [0, 0, 0.1, 0.5], "texture": "#5"},
				"east": {"uv": [0, 0, 0.1, 0.5], "texture": "#5"},
				"south": {"uv": [0, 0, 0.1, 0.5], "texture": "#5"},
				"west": {"uv": [0, 0, 0.1, 0.5], "texture": "#5"},
				"up": {"uv": [0, 0, 0.1, 0.5], "texture": "#5"},
				"down": {"uv": [0, 0, 0.1, 0.5], "texture": "#5"}
			}
		},
		{
			"from": [9.1, 3.2, 6.5],
			"to": [10.1, 3.6, 6.6],
			"faces": {
				"north": {"uv": [0, 0, 0.1, 0.4], "texture": "#5"},
				"east": {"uv": [0, 0, 0.1, 0.4], "texture": "#5"},
				"south": {"uv": [0, 0, 0.1, 0.4], "texture": "#5"},
				"west": {"uv": [0, 0, 0.1, 0.4], "texture": "#5"},
				"up": {"uv": [0, 0, 0.1, 0.4], "texture": "#5"},
				"down": {"uv": [0, 0, 0.1, 0.4], "texture": "#5"}
			}
		},
		{
			"from": [9.1, 3.2, 3.9],
			"to": [10.1, 3.7, 4],
			"faces": {
				"north": {"uv": [0, 0, 0.1, 0.5], "texture": "#5"},
				"east": {"uv": [0, 0, 0.1, 0.5], "texture": "#5"},
				"south": {"uv": [0, 0, 0.1, 0.5], "texture": "#5"},
				"west": {"uv": [0, 0, 0.1, 0.5], "texture": "#5"},
				"up": {"uv": [0, 0, 0.1, 0.5], "texture": "#5"},
				"down": {"uv": [0, 0, 0.1, 0.5], "texture": "#5"}
			}
		},
		{
			"from": [9.1, 3.2, 5.9],
			"to": [10.1, 4, 6],
			"faces": {
				"north": {"uv": [0, 0, 0.1, 0.8], "texture": "#5"},
				"east": {"uv": [0, 0, 0.1, 0.8], "texture": "#5"},
				"south": {"uv": [0, 0, 0.1, 0.8], "texture": "#5"},
				"west": {"uv": [0, 0, 0.1, 0.8], "texture": "#5"},
				"up": {"uv": [0, 0, 0.1, 0.8], "texture": "#5"},
				"down": {"uv": [0, 0, 0.1, 0.8], "texture": "#5"}
			}
		},
		{
			"from": [9.1, 3.2, 4.3],
			"to": [10.1, 4, 4.4],
			"faces": {
				"north": {"uv": [0, 0, 0.1, 0.8], "texture": "#5"},
				"east": {"uv": [0, 0, 0.1, 0.8], "texture": "#5"},
				"south": {"uv": [0, 0, 0.1, 0.8], "texture": "#5"},
				"west": {"uv": [0, 0, 0.1, 0.8], "texture": "#5"},
				"up": {"uv": [0, 0, 0.1, 0.8], "texture": "#5"},
				"down": {"uv": [0, 0, 0.1, 0.8], "texture": "#5"}
			}
		},
		{
			"from": [9.1, 3.2, 5.1],
			"to": [10.1, 4, 5.2],
			"faces": {
				"north": {"uv": [0, 0, 0.1, 0.8], "texture": "#5"},
				"east": {"uv": [0, 0, 0.1, 0.8], "texture": "#5"},
				"south": {"uv": [0, 0, 0.1, 0.8], "texture": "#5"},
				"west": {"uv": [0, 0, 0.1, 0.8], "texture": "#5"},
				"up": {"uv": [0, 0, 0.1, 0.8], "texture": "#5"},
				"down": {"uv": [0, 0, 0.1, 0.8], "texture": "#5"}
			}
		}
	],
	"display": {
		"thirdperson_righthand": {
			"rotation": [67, 90, 0],
			"translation": [-5.75, 0, 5.75]
		},
		"thirdperson_lefthand": {
			"rotation": [67, -90, 0],
			"translation": [-5.75, 0, 5.75]
		},
		"firstperson_righthand": {
			"rotation": [0, 90, 0],
			"translation": [-9.25, 4.5, 2.5]
		},
		"firstperson_lefthand": {
			"rotation": [0, -90, 0],
			"translation": [-9.25, 4.5, 2.5]
		},
		"ground": {
			"translation": [0, 4, 0]
		},
		"gui": {
			"rotation": [0, -90, 0],
			"translation": [0, 3.5, 0],
			"scale": [1.25, 1.25, 1.25]
		},
		"head": {
			"translation": [-12.5, 10.75, 0],
			"scale": [2.11, 2.11, 2.11]
		},
		"fixed": {
			"rotation": [0, 90, 0],
			"translation": [0, 8.75, 0],
			"scale": [1.72, 1.72, 1.72]
		}
	},
	"groups": [
		{
			"name": "all",
			"children": [
				{
					"name": "antena",
					"children": [0]
				}, 1,
				{
					"name": "speaker",
					"children": [2, 3, 4, 5, 6, 7, 8, 9, 10, 11, 12, 13, 14, 15, 16, 17]
				},
				{
					"name": "speaker",
					"children": [18, 19, 20, 21, 22, 23, 24, 25, 26, 27, 28, 29, 30, 31, 32, 33]
				},
				{
					"name": "station wheel",
					"children": [34, 35, 36, 37, 38, 39, 40, 41, 42, 43, 44, 45, 46, 47, 48, 49]
				},
				{
					"name": "volume wheel",
					"children": [50, 51, 52, 53, 54, 55, 56, 57, 58, 59, 60, 61, 62, 63, 64, 65]
				},
				{
					"name": "display",
					"children": [66, 67, 68, 69, 70, 71, 72, 73, 74, 75, 76, 77, 78, 79, 80, 81, 82, 83, 84, 85, 86, 87, 88, 89, 90, 91, 92]
				}
			]
		}
	]
}