{
	"credit": "Made with Blockbench",
	"textures": {
		"0": "blocks/anvil_base",
		"2": "blocks/concrete_powder_black",
		"3": "blocks/iron_block",
		"4": "blocks/concrete_green",
		"particle": "blocks/concrete_green"
	},
	"elements": [
		{
			"from": [6.7, 0, 6.7],
			"to": [9.3, 0.2, 9.3],
			"faces": {
				"north": {"uv": [0, 0, 16, 16], "texture": "#0"},
				"east": {"uv": [0, 0, 16, 16], "texture": "#0"},
				"south": {"uv": [0, 0, 16, 16], "texture": "#0"},
				"west": {"uv": [0, 0, 16, 16], "texture": "#0"},
				"up": {"uv": [0, 0, 16, 16], "texture": "#0"},
				"down": {"uv": [0, 0, 16, 16], "texture": "#0"}
			}
		},
		{
			"from": [7.5162, 0.11872, 7.5162],
			"to": [8.4838, 2.53772, 8.4838],
			"faces": {
				"north": {"uv": [10, 12, 16, 16], "texture": "#0"},
				"east": {"uv": [10, 12, 16, 16], "texture": "#0"},
				"south": {"uv": [10, 12, 16, 16], "texture": "#0"},
				"west": {"uv": [10, 12, 16, 16], "texture": "#0"},
				"up": {"uv": [10, 12, 16, 16], "texture": "#0"},
				"down": {"uv": [10, 12, 16, 16], "texture": "#0"}
			}
		},
		{
			"from": [6.74684, 2.31504, 6.88608],
			"to": [9.25316, 2.872, 9.11392],
			"faces": {
				"north": {"uv": [0, 0, 1.8, 0.4], "texture": "#3"},
				"east": {"uv": [0, 0, 1.6, 0.4], "texture": "#3"},
				"south": {"uv": [0, 0, 1.8, 0.4], "texture": "#3"},
				"west": {"uv": [0, 0, 1.6, 0.4], "texture": "#3"},
				"up": {"uv": [0, 0, 1.8, 1.6], "texture": "#3"},
				"down": {"uv": [0, 0, 1.8, 1.6], "texture": "#3"}
			}
		},
		{
			"from": [6.88608, 2.872, 7.02532],
			"to": [9.11392, 3.28972, 8.97468],
			"faces": {
				"north": {"uv": [0, 0, 15.4, 1.3], "texture": "#2"},
				"east": {"uv": [0, 0, 15.4, 1.3], "texture": "#2"},
				"south": {"uv": [0, 0, 15.4, 1.3], "texture": "#2"},
				"west": {"uv": [0, 0, 15.4, 1.3], "texture": "#2"},
				"up": {"uv": [0, 0, 15.4, 1.3], "texture": "#2"},
				"down": {"uv": [0, 0, 15.4, 1.3], "texture": "#2"}
			}
		},
		{
			"from": [6.74684, 3.28972, 6.88608],
			"to": [9.25316, 3.70744, 9.11392],
			"faces": {
				"north": {"uv": [0, 0, 1.8, 0.3], "texture": "#3"},
				"east": {"uv": [0, 0, 1.6, 0.3], "texture": "#3"},
				"south": {"uv": [0, 0, 1.8, 0.3], "texture": "#3"},
				"west": {"uv": [0, 0, 1.6, 0.3], "texture": "#3"},
				"up": {"uv": [0, 0, 1.8, 1.6], "texture": "#3"},
				"down": {"uv": [0, 0, 1.8, 1.6], "texture": "#3"}
			}
		},
		{
			"from": [6.88608, 3.70744, 7.02532],
			"to": [9.11392, 4.12516, 8.97468],
			"faces": {
				"north": {"uv": [0, 0, 15.4, 1.3], "texture": "#2"},
				"east": {"uv": [0, 0, 15.4, 1.3], "texture": "#2"},
				"south": {"uv": [0, 0, 15.4, 1.3], "texture": "#2"},
				"west": {"uv": [0, 0, 15.4, 1.3], "texture": "#2"},
				"up": {"uv": [0, 0, 15.4, 1.3], "texture": "#2"},
				"down": {"uv": [0, 0, 15.4, 1.3], "texture": "#2"}
			}
		},
		{
			"from": [6.74684, 4.12516, 6.88608],
			"to": [9.25316, 4.54288, 9.11392],
			"faces": {
				"north": {"uv": [0, 0, 1.8, 0.3], "texture": "#3"},
				"east": {"uv": [0, 0, 1.6, 0.3], "texture": "#3"},
				"south": {"uv": [0, 0, 1.8, 0.3], "texture": "#3"},
				"west": {"uv": [0, 0, 1.6, 0.3], "texture": "#3"},
				"up": {"uv": [0, 0, 1.8, 1.6], "texture": "#3"},
				"down": {"uv": [0, 0, 1.8, 1.6], "texture": "#3"}
			}
		},
		{
			"from": [6.88608, 4.54288, 7.02532],
			"to": [9.11392, 4.9606, 8.97468],
			"faces": {
				"north": {"uv": [0, 0, 15.4, 1.3], "texture": "#2"},
				"east": {"uv": [0, 0, 15.4, 1.3], "texture": "#2"},
				"south": {"uv": [0, 0, 15.4, 1.3], "texture": "#2"},
				"west": {"uv": [0, 0, 15.4, 1.3], "texture": "#2"},
				"up": {"uv": [0, 0, 15.4, 1.3], "texture": "#2"},
				"down": {"uv": [0, 0, 15.4, 1.3], "texture": "#2"}
			}
		},
		{
			"from": [6.74684, 4.9606, 6.88608],
			"to": [9.25316, 5.51756, 9.11392],
			"faces": {
				"north": {"uv": [0, 0, 1.8, 0.4], "texture": "#3"},
				"east": {"uv": [0, 0, 1.6, 0.4], "texture": "#3"},
				"south": {"uv": [0, 0, 1.8, 0.4], "texture": "#3"},
				"west": {"uv": [0, 0, 1.6, 0.4], "texture": "#3"},
				"up": {"uv": [0, 0, 1.8, 1.6], "texture": "#3"},
				"down": {"uv": [0, 0, 1.8, 1.6], "texture": "#3"}
			}
		},
		{
			"from": [7.9, 0.21, 8.8],
			"to": [8.1, 0.21, 9],
			"faces": {
				"north": {"uv": [0, 0, 0.2, 0], "texture": "#4"},
				"east": {"uv": [0, 0, 0.2, 0], "texture": "#4"},
				"south": {"uv": [0, 0, 0.2, 0], "texture": "#4"},
				"west": {"uv": [0, 0, 0.2, 0], "texture": "#4"},
				"up": {"uv": [0, 0, 0.2, 0], "texture": "#4"},
				"down": {"uv": [0, 0, 0.2, 0], "texture": "#4"}
			}
		}
	],
	"display": {
		"thirdperson_righthand": {
			"rotation": [67, 0, 0],
			"translation": [0, 2, 4.5]
		},
		"thirdperson_lefthand": {
			"rotation": [67, 0, 0],
			"translation": [0, 2, 4.5]
		},
		"firstperson_righthand": {
			"translation": [-2.75, 9.75, 5]
		},
		"firstperson_lefthand": {
			"translation": [-2.75, 9.75, 5]
		},
		"ground": {
			"translation": [0, 5, 0]
		},
		"gui": {
			"translation": [0.5, -0.25, 0]
		},
		"head": {
			"translation": [0, -1.25, -8.25],
			"scale": [1.37, 1.37, 1.37]
		}
	},
	"groups": [
		{
			"name": "mic",
			"children": [0, 1, 2, 3, 4, 5, 6, 7, 8, 9]
		}
	]
}