{
	"credit": "Made with Blockbench",
	"textures": {
		"0": "blocks/anvil_base",
		"1": "blocks/concrete_white",
		"2": "blocks/shulker_top_gray",
		"3": "blocks/concrete_powder_light_blue",
		"4": "blocks/concrete_red",
		"particle": "blocks/anvil_base"
	},
	"elements": [
		{
			"from": [-0.1, 5.8, 4.6],
			"to": [1.9, 8.25, 5.6],
			"faces": {
				"north": {"uv": [0, 0, 2, 2.45], "texture": "#1"},
				"east": {"uv": [0, 0, 2, 2.45], "texture": "#1"},
				"south": {"uv": [0, 0, 2, 2.45], "texture": "#1"},
				"west": {"uv": [0, 0, 2, 2.45], "texture": "#1"},
				"up": {"uv": [0, 0, 2, 2.45], "rotation": 270, "texture": "#1"},
				"down": {"uv": [0, 0, 2, 2.45], "rotation": 90, "texture": "#1"}
			}
		},
		{
			"from": [-0.1, 5.8, 10.4],
			"to": [1.9, 8.25, 11.4],
			"faces": {
				"north": {"uv": [1, 0, 3, 2.45], "texture": "#1"},
				"east": {"uv": [1, 0, 3, 2.45], "texture": "#1"},
				"south": {"uv": [1, 0, 3, 2.45], "texture": "#1"},
				"west": {"uv": [1, 0, 3, 2.45], "texture": "#1"},
				"up": {"uv": [1, 0, 3, 2.45], "rotation": 270, "texture": "#1"},
				"down": {"uv": [1, 0, 3, 2.45], "rotation": 90, "texture": "#1"}
			}
		},
		{
			"from": [-0.10079, 9.24594, 5.59306],
			"to": [1.89921, 10.49594, 6.59306],
			"rotation": {"angle": 22.5, "axis": "x", "origin": [8.39921, 11.24594, 2.59306]},
			"faces": {
				"north": {"uv": [0, 0, 2, 1.25], "texture": "#1"},
				"east": {"uv": [0, 0, 2, 1.25], "texture": "#1"},
				"south": {"uv": [0, 0, 2, 1.25], "texture": "#1"},
				"west": {"uv": [0, 0, 2, 1.25], "texture": "#1"},
				"up": {"uv": [0, 0, 2, 1.25], "rotation": 270, "texture": "#1"},
				"down": {"uv": [0, 0, 2, 1.25], "rotation": 90, "texture": "#1"}
			}
		},
		{
			"from": [-0.10079, 9.24594, 9.40694],
			"to": [1.89921, 10.49594, 10.40694],
			"rotation": {"angle": -22.5, "axis": "x", "origin": [8.39921, 11.24594, 13.40694]},
			"faces": {
				"north": {"uv": [2, 0, 4, 1.25], "texture": "#1"},
				"east": {"uv": [2, 0, 4, 1.25], "texture": "#1"},
				"south": {"uv": [2, 0, 4, 1.25], "texture": "#1"},
				"west": {"uv": [2, 0, 4, 1.25], "texture": "#1"},
				"up": {"uv": [2, 0, 4, 1.25], "rotation": 270, "texture": "#1"},
				"down": {"uv": [2, 0, 4, 1.25], "rotation": 90, "texture": "#1"}
			}
		},
		{
			"from": [-0.10174, 11.2338, 6.66292],
			"to": [1.89826, 12.4838, 7.66292],
			"rotation": {"angle": 45, "axis": "x", "origin": [8.39826, 12.2338, 3.66292]},
			"faces": {
				"north": {"uv": [0, 0, 2, 1.25], "texture": "#1"},
				"east": {"uv": [0, 0, 2, 1.25], "texture": "#1"},
				"south": {"uv": [0, 0, 2, 1.25], "texture": "#1"},
				"west": {"uv": [0, 0, 2, 1.25], "texture": "#1"},
				"up": {"uv": [0, 0, 2, 1.25], "rotation": 270, "texture": "#1"},
				"down": {"uv": [0, 0, 2, 1.25], "rotation": 90, "texture": "#1"}
			}
		},
		{
			"from": [-0.10174, 11.2338, 8.33708],
			"to": [1.89826, 12.4838, 9.33708],
			"rotation": {"angle": -45, "axis": "x", "origin": [8.39826, 12.2338, 12.33708]},
			"faces": {
				"north": {"uv": [2, 0, 4, 1.25], "texture": "#1"},
				"east": {"uv": [2, 0, 4, 1.25], "texture": "#1"},
				"south": {"uv": [2, 0, 4, 1.25], "texture": "#1"},
				"west": {"uv": [2, 0, 4, 1.25], "texture": "#1"},
				"up": {"uv": [2, 0, 4, 1.25], "rotation": 270, "texture": "#1"},
				"down": {"uv": [2, 0, 4, 1.25], "rotation": 90, "texture": "#1"}
			}
		},
		{
			"from": [-0.10269, 7.91341, 5.04094],
			"to": [1.89731, 8.91341, 6.29094],
			"rotation": {"angle": -22.5, "axis": "x", "origin": [8.39731, 11.91341, 2.04094]},
			"faces": {
				"north": {"uv": [0, 0, 1, 2], "rotation": 270, "texture": "#1"},
				"east": {"uv": [0, 0, 1, 2], "rotation": 270, "texture": "#1"},
				"south": {"uv": [0, 0, 1, 2], "rotation": 270, "texture": "#1"},
				"west": {"uv": [0, 0, 1, 2], "rotation": 270, "texture": "#1"},
				"up": {"uv": [0, 0, 1, 2], "rotation": 180, "texture": "#1"},
				"down": {"uv": [0, 0, 1, 2], "texture": "#1"}
			}
		},
		{
			"from": [-0.10269, 7.91341, 9.70906],
			"to": [1.89731, 8.91341, 10.95906],
			"rotation": {"angle": 22.5, "axis": "x", "origin": [8.39731, 11.91341, 13.95906]},
			"faces": {
				"north": {"uv": [0, 2, 1, 4], "rotation": 270, "texture": "#1"},
				"east": {"uv": [0, 2, 1, 4], "rotation": 270, "texture": "#1"},
				"south": {"uv": [0, 2, 1, 4], "rotation": 270, "texture": "#1"},
				"west": {"uv": [0, 2, 1, 4], "rotation": 270, "texture": "#1"},
				"up": {"uv": [0, 2, 1, 4], "rotation": 180, "texture": "#1"},
				"down": {"uv": [0, 2, 1, 4], "texture": "#1"}
			}
		},
		{
			"from": [-0.09757, 9.76629, 7.11872],
			"to": [1.90243, 10.76629, 8.36872],
			"faces": {
				"north": {"uv": [0, 0, 1, 2], "rotation": 270, "texture": "#1"},
				"east": {"uv": [0, 0, 1, 2], "rotation": 270, "texture": "#1"},
				"south": {"uv": [0, 0, 1, 2], "rotation": 270, "texture": "#1"},
				"west": {"uv": [0, 0, 1, 2], "rotation": 270, "texture": "#1"},
				"up": {"uv": [0, 0, 1, 2], "rotation": 180, "texture": "#1"},
				"down": {"uv": [0, 0, 1, 2], "texture": "#1"}
			}
		},
		{
			"from": [-0.09757, 9.76629, 7.63128],
			"to": [1.90243, 10.76629, 8.88128],
			"faces": {
				"north": {"uv": [0, 2, 1, 4], "rotation": 270, "texture": "#1"},
				"east": {"uv": [0, 2, 1, 4], "rotation": 270, "texture": "#1"},
				"south": {"uv": [0, 2, 1, 4], "rotation": 270, "texture": "#1"},
				"west": {"uv": [0, 2, 1, 4], "rotation": 270, "texture": "#1"},
				"up": {"uv": [0, 2, 1, 4], "rotation": 180, "texture": "#1"},
				"down": {"uv": [0, 2, 1, 4], "texture": "#1"}
			}
		},
		{
			"from": [-7.29062, 8.8579, 4.68102],
			"to": [-6.69862, 9.4499, 5.86102],
			"rotation": {"angle": 22.5, "axis": "z", "origin": [5.14138, 26.1591, -0.59898]},
			"faces": {
				"north": {"uv": [3, 3, 13.4, 12.4], "texture": "#2"},
				"east": {"uv": [3, 3, 13.4, 12.4], "texture": "#2"},
				"south": {"uv": [3, 3, 13.4, 12.4], "texture": "#2"},
				"west": {"uv": [3, 3, 13.4, 12.4], "texture": "#2"},
				"up": {"uv": [3, 3, 13.4, 12.4], "rotation": 270, "texture": "#2"},
				"down": {"uv": [3, 3, 13.4, 12.4], "rotation": 90, "texture": "#2"}
			}
		},
		{
			"from": [-15.82498, 8.86532, 4.6959],
			"to": [-15.23298, 9.45732, 5.8759],
			"rotation": {"angle": 45, "axis": "z", "origin": [-3.39298, 26.16652, -0.5841]},
			"faces": {
				"north": {"uv": [3, 3, 13.4, 12.4], "texture": "#2"},
				"east": {"uv": [3, 3, 13.4, 12.4], "texture": "#2"},
				"south": {"uv": [3, 3, 13.4, 12.4], "texture": "#2"},
				"west": {"uv": [3, 3, 13.4, 12.4], "texture": "#2"},
				"up": {"uv": [3, 3, 13.4, 12.4], "rotation": 270, "texture": "#2"},
				"down": {"uv": [3, 3, 13.4, 12.4], "rotation": 90, "texture": "#2"}
			}
		},
		{
			"from": [5.42864, 10.47541, 4.70395],
			"to": [6.02064, 11.06741, 5.88395],
			"rotation": {"angle": -22.5, "axis": "z", "origin": [-11.28056, 22.90741, -0.57605]},
			"faces": {
				"north": {"uv": [3, 3, 13.4, 12.4], "rotation": 90, "texture": "#2"},
				"east": {"uv": [3, 3, 13.4, 12.4], "rotation": 90, "texture": "#2"},
				"south": {"uv": [3, 3, 13.4, 12.4], "rotation": 90, "texture": "#2"},
				"west": {"uv": [3, 3, 13.4, 12.4], "rotation": 90, "texture": "#2"},
				"up": {"uv": [3, 3, 13.4, 12.4], "texture": "#2"},
				"down": {"uv": [3, 3, 13.4, 12.4], "rotation": 180, "texture": "#2"}
			}
		},
		{
			"from": [-0.61134, 4.44595, 4.70393],
			"to": [-0.01934, 5.03795, 5.88393],
			"faces": {
				"north": {"uv": [3, 3, 13.4, 12.4], "rotation": 90, "texture": "#2"},
				"east": {"uv": [3, 3, 13.4, 12.4], "rotation": 90, "texture": "#2"},
				"south": {"uv": [3, 3, 13.4, 12.4], "rotation": 90, "texture": "#2"},
				"west": {"uv": [3, 3, 13.4, 12.4], "rotation": 90, "texture": "#2"},
				"up": {"uv": [3, 3, 13.4, 12.4], "texture": "#2"},
				"down": {"uv": [3, 3, 13.4, 12.4], "rotation": 180, "texture": "#2"}
			}
		},
		{
			"from": [-3.86999, -3.44162, 4.70437],
			"to": [-3.27799, -2.84962, 5.88437],
			"rotation": {"angle": 22.5, "axis": "z", "origin": [-20.57919, 8.99038, -0.57563]},
			"faces": {
				"north": {"uv": [3, 3, 13.4, 12.4], "rotation": 90, "texture": "#2"},
				"east": {"uv": [3, 3, 13.4, 12.4], "rotation": 90, "texture": "#2"},
				"south": {"uv": [3, 3, 13.4, 12.4], "rotation": 90, "texture": "#2"},
				"west": {"uv": [3, 3, 13.4, 12.4], "rotation": 90, "texture": "#2"},
				"up": {"uv": [3, 3, 13.4, 12.4], "texture": "#2"},
				"down": {"uv": [3, 3, 13.4, 12.4], "rotation": 180, "texture": "#2"}
			}
		},
		{
			"from": [-3.86215, -11.97583, 4.7049],
			"to": [-3.27015, -11.38383, 5.8849],
			"rotation": {"angle": 45, "axis": "z", "origin": [-20.57135, 0.45617, -0.5751]},
			"faces": {
				"north": {"uv": [3, 3, 13.4, 12.4], "rotation": 90, "texture": "#2"},
				"east": {"uv": [3, 3, 13.4, 12.4], "rotation": 90, "texture": "#2"},
				"south": {"uv": [3, 3, 13.4, 12.4], "rotation": 90, "texture": "#2"},
				"west": {"uv": [3, 3, 13.4, 12.4], "rotation": 90, "texture": "#2"},
				"up": {"uv": [3, 3, 13.4, 12.4], "texture": "#2"},
				"down": {"uv": [3, 3, 13.4, 12.4], "rotation": 180, "texture": "#2"}
			}
		},
		{
			"from": [-5.47227, 9.27781, 4.68543],
			"to": [-4.88027, 9.86981, 5.86543],
			"rotation": {"angle": -22.5, "axis": "z", "origin": [-17.31227, -7.43139, -0.59457]},
			"faces": {
				"north": {"uv": [3, 3, 13.4, 12.4], "rotation": 180, "texture": "#2"},
				"east": {"uv": [3, 3, 13.4, 12.4], "rotation": 180, "texture": "#2"},
				"south": {"uv": [3, 3, 13.4, 12.4], "rotation": 180, "texture": "#2"},
				"west": {"uv": [3, 3, 13.4, 12.4], "rotation": 180, "texture": "#2"},
				"up": {"uv": [3, 3, 13.4, 12.4], "rotation": 90, "texture": "#2"},
				"down": {"uv": [3, 3, 13.4, 12.4], "rotation": 270, "texture": "#2"}
			}
		},
		{
			"from": [0.56781, 3.24877, 4.68591],
			"to": [1.15981, 3.84077, 5.86591],
			"faces": {
				"north": {"uv": [3, 3, 13.4, 12.4], "rotation": 180, "texture": "#2"},
				"east": {"uv": [3, 3, 13.4, 12.4], "rotation": 180, "texture": "#2"},
				"south": {"uv": [3, 3, 13.4, 12.4], "rotation": 180, "texture": "#2"},
				"west": {"uv": [3, 3, 13.4, 12.4], "rotation": 180, "texture": "#2"},
				"up": {"uv": [3, 3, 13.4, 12.4], "rotation": 90, "texture": "#2"},
				"down": {"uv": [3, 3, 13.4, 12.4], "rotation": 270, "texture": "#2"}
			}
		},
		{
			"from": [8.44969, -0.02404, 4.66645],
			"to": [9.04169, 0.56796, 5.84645],
			"rotation": {"angle": 22.5, "axis": "z", "origin": [-3.39031, -16.73324, -0.61355]},
			"faces": {
				"north": {"uv": [3, 3, 13.4, 12.4], "rotation": 180, "texture": "#2"},
				"east": {"uv": [3, 3, 13.4, 12.4], "rotation": 180, "texture": "#2"},
				"south": {"uv": [3, 3, 13.4, 12.4], "rotation": 180, "texture": "#2"},
				"west": {"uv": [3, 3, 13.4, 12.4], "rotation": 180, "texture": "#2"},
				"up": {"uv": [3, 3, 13.4, 12.4], "rotation": 90, "texture": "#2"},
				"down": {"uv": [3, 3, 13.4, 12.4], "rotation": 270, "texture": "#2"}
			}
		},
		{
			"from": [16.98406, -0.03146, 4.65157],
			"to": [17.57606, 0.56054, 5.83157],
			"rotation": {"angle": 45, "axis": "z", "origin": [5.14406, -16.74066, -0.62843]},
			"faces": {
				"north": {"uv": [3, 3, 13.4, 12.4], "rotation": 180, "texture": "#2"},
				"east": {"uv": [3, 3, 13.4, 12.4], "rotation": 180, "texture": "#2"},
				"south": {"uv": [3, 3, 13.4, 12.4], "rotation": 180, "texture": "#2"},
				"west": {"uv": [3, 3, 13.4, 12.4], "rotation": 180, "texture": "#2"},
				"up": {"uv": [3, 3, 13.4, 12.4], "rotation": 90, "texture": "#2"},
				"down": {"uv": [3, 3, 13.4, 12.4], "rotation": 270, "texture": "#2"}
			}
		},
		{
			"from": [-4.26957, -1.64156, 4.64353],
			"to": [-3.67757, -1.04956, 5.82353],
			"rotation": {"angle": -22.5, "axis": "z", "origin": [13.03163, -13.48156, -0.63647]},
			"faces": {
				"north": {"uv": [3, 3, 13.4, 12.4], "rotation": 270, "texture": "#2"},
				"east": {"uv": [3, 3, 13.4, 12.4], "rotation": 270, "texture": "#2"},
				"south": {"uv": [3, 3, 13.4, 12.4], "rotation": 270, "texture": "#2"},
				"west": {"uv": [3, 3, 13.4, 12.4], "rotation": 270, "texture": "#2"},
				"up": {"uv": [3, 3, 13.4, 12.4], "rotation": 180, "texture": "#2"},
				"down": {"uv": [3, 3, 13.4, 12.4], "texture": "#2"}
			}
		},
		{
			"from": [1.75989, 4.3995, 4.6446],
			"to": [2.35189, 4.9915, 5.8246],
			"faces": {
				"north": {"uv": [3, 3, 13.4, 12.4], "rotation": 270, "texture": "#2"},
				"east": {"uv": [3, 3, 13.4, 12.4], "rotation": 270, "texture": "#2"},
				"south": {"uv": [3, 3, 13.4, 12.4], "rotation": 270, "texture": "#2"},
				"west": {"uv": [3, 3, 13.4, 12.4], "rotation": 270, "texture": "#2"},
				"up": {"uv": [3, 3, 13.4, 12.4], "rotation": 180, "texture": "#2"},
				"down": {"uv": [3, 3, 13.4, 12.4], "texture": "#2"}
			}
		},
		{
			"from": [5.03273, 12.28138, 4.65268],
			"to": [5.62473, 12.87338, 5.83268],
			"rotation": {"angle": 22.5, "axis": "z", "origin": [22.33393, 0.44138, -0.62732]},
			"faces": {
				"north": {"uv": [3, 3, 13.4, 12.4], "rotation": 270, "texture": "#2"},
				"east": {"uv": [3, 3, 13.4, 12.4], "rotation": 270, "texture": "#2"},
				"south": {"uv": [3, 3, 13.4, 12.4], "rotation": 270, "texture": "#2"},
				"west": {"uv": [3, 3, 13.4, 12.4], "rotation": 270, "texture": "#2"},
				"up": {"uv": [3, 3, 13.4, 12.4], "rotation": 180, "texture": "#2"},
				"down": {"uv": [3, 3, 13.4, 12.4], "texture": "#2"}
			}
		},
		{
			"from": [5.04018, 20.81575, 4.66759],
			"to": [5.63218, 21.40775, 5.84759],
			"rotation": {"angle": 45, "axis": "z", "origin": [22.34138, 8.97575, -0.61241]},
			"faces": {
				"north": {"uv": [3, 3, 13.4, 12.4], "rotation": 270, "texture": "#2"},
				"east": {"uv": [3, 3, 13.4, 12.4], "rotation": 270, "texture": "#2"},
				"south": {"uv": [3, 3, 13.4, 12.4], "rotation": 270, "texture": "#2"},
				"west": {"uv": [3, 3, 13.4, 12.4], "rotation": 270, "texture": "#2"},
				"up": {"uv": [3, 3, 13.4, 12.4], "rotation": 180, "texture": "#2"},
				"down": {"uv": [3, 3, 13.4, 12.4], "texture": "#2"}
			}
		},
		{
			"from": [6.65029, -0.43788, 4.68705],
			"to": [7.24229, 0.15412, 5.86705],
			"rotation": {"angle": -22.5, "axis": "z", "origin": [19.08229, 16.86332, -0.59295]},
			"faces": {
				"north": {"uv": [3, 3, 13.4, 12.4], "texture": "#2"},
				"east": {"uv": [3, 3, 13.4, 12.4], "texture": "#2"},
				"south": {"uv": [3, 3, 13.4, 12.4], "texture": "#2"},
				"west": {"uv": [3, 3, 13.4, 12.4], "texture": "#2"},
				"up": {"uv": [3, 3, 13.4, 12.4], "rotation": 270, "texture": "#2"},
				"down": {"uv": [3, 3, 13.4, 12.4], "rotation": 90, "texture": "#2"}
			}
		},
		{
			"from": [0.62085, 5.60208, 4.70812],
			"to": [1.21285, 6.19408, 5.88812],
			"faces": {
				"north": {"uv": [3, 3, 13.4, 12.4], "texture": "#2"},
				"east": {"uv": [3, 3, 13.4, 12.4], "texture": "#2"},
				"south": {"uv": [3, 3, 13.4, 12.4], "texture": "#2"},
				"west": {"uv": [3, 3, 13.4, 12.4], "texture": "#2"},
				"up": {"uv": [3, 3, 13.4, 12.4], "rotation": 270, "texture": "#2"},
				"down": {"uv": [3, 3, 13.4, 12.4], "rotation": 90, "texture": "#2"}
			}
		},
		{
			"from": [-4.76638, 7.5148, 4.31542],
			"to": [-4.36145, 7.91973, 5.62254],
			"rotation": {"angle": 22.5, "axis": "z", "origin": [3.73711, 19.34882, 0.8039]},
			"faces": {
				"north": {"uv": [0, 0, 0.4, 0.4], "texture": "#1"},
				"east": {"uv": [0, 0, 0.4, 0.4], "texture": "#1"},
				"south": {"uv": [0, 0, 0.4, 0.4], "texture": "#1"},
				"west": {"uv": [0, 0, 0.4, 0.4], "texture": "#1"},
				"up": {"uv": [0, 0, 0.4, 0.4], "rotation": 270, "texture": "#1"},
				"down": {"uv": [0, 0, 0.4, 0.4], "rotation": 90, "texture": "#1"}
			}
		},
		{
			"from": [-10.60389, 7.51988, 4.3256],
			"to": [-10.19896, 7.9248, 5.63272],
			"rotation": {"angle": 45, "axis": "z", "origin": [-2.1004, 19.3539, 0.81408]},
			"faces": {
				"north": {"uv": [0, 0, 0.4, 0.4], "texture": "#1"},
				"east": {"uv": [0, 0, 0.4, 0.4], "texture": "#1"},
				"south": {"uv": [0, 0, 0.4, 0.4], "texture": "#1"},
				"west": {"uv": [0, 0, 0.4, 0.4], "texture": "#1"},
				"up": {"uv": [0, 0, 0.4, 0.4], "rotation": 270, "texture": "#1"},
				"down": {"uv": [0, 0, 0.4, 0.4], "rotation": 90, "texture": "#1"}
			}
		},
		{
			"from": [3.93359, 8.62118, 4.3311],
			"to": [4.33852, 9.02611, 5.63822],
			"rotation": {"angle": -22.5, "axis": "z", "origin": [-7.4955, 17.12467, 0.81958]},
			"faces": {
				"north": {"uv": [0, 0, 0.4, 0.4], "rotation": 90, "texture": "#1"},
				"east": {"uv": [0, 0, 0.4, 0.4], "rotation": 90, "texture": "#1"},
				"south": {"uv": [0, 0, 0.4, 0.4], "rotation": 90, "texture": "#1"},
				"west": {"uv": [0, 0, 0.4, 0.4], "rotation": 90, "texture": "#1"},
				"up": {"uv": [0, 0, 0.4, 0.4], "texture": "#1"},
				"down": {"uv": [0, 0, 0.4, 0.4], "rotation": 180, "texture": "#1"}
			}
		},
		{
			"from": [-0.19775, 4.49703, 4.33109],
			"to": [0.20717, 4.90196, 5.63821],
			"faces": {
				"north": {"uv": [0, 0, 0.4, 0.4], "rotation": 90, "texture": "#1"},
				"east": {"uv": [0, 0, 0.4, 0.4], "rotation": 90, "texture": "#1"},
				"south": {"uv": [0, 0, 0.4, 0.4], "rotation": 90, "texture": "#1"},
				"west": {"uv": [0, 0, 0.4, 0.4], "rotation": 90, "texture": "#1"},
				"up": {"uv": [0, 0, 0.4, 0.4], "texture": "#1"},
				"down": {"uv": [0, 0, 0.4, 0.4], "rotation": 180, "texture": "#1"}
			}
		},
		{
			"from": [-2.42668, -0.89806, 4.33139],
			"to": [-2.02175, -0.49314, 5.63851],
			"rotation": {"angle": 22.5, "axis": "z", "origin": [-13.85577, 7.60542, 0.81987]},
			"faces": {
				"north": {"uv": [0, 0, 0.4, 0.4], "rotation": 90, "texture": "#1"},
				"east": {"uv": [0, 0, 0.4, 0.4], "rotation": 90, "texture": "#1"},
				"south": {"uv": [0, 0, 0.4, 0.4], "rotation": 90, "texture": "#1"},
				"west": {"uv": [0, 0, 0.4, 0.4], "rotation": 90, "texture": "#1"},
				"up": {"uv": [0, 0, 0.4, 0.4], "texture": "#1"},
				"down": {"uv": [0, 0, 0.4, 0.4], "rotation": 180, "texture": "#1"}
			}
		},
		{
			"from": [-2.42131, -6.73547, 4.33175],
			"to": [-2.01639, -6.33054, 5.63887],
			"rotation": {"angle": 45, "axis": "z", "origin": [-13.85041, 1.76802, 0.82023]},
			"faces": {
				"north": {"uv": [0, 0, 0.4, 0.4], "rotation": 90, "texture": "#1"},
				"east": {"uv": [0, 0, 0.4, 0.4], "rotation": 90, "texture": "#1"},
				"south": {"uv": [0, 0, 0.4, 0.4], "rotation": 90, "texture": "#1"},
				"west": {"uv": [0, 0, 0.4, 0.4], "rotation": 90, "texture": "#1"},
				"up": {"uv": [0, 0, 0.4, 0.4], "texture": "#1"},
				"down": {"uv": [0, 0, 0.4, 0.4], "rotation": 180, "texture": "#1"}
			}
		},
		{
			"from": [-3.52263, 7.80202, 4.31844],
			"to": [-3.11771, 8.20695, 5.62556],
			"rotation": {"angle": -22.5, "axis": "z", "origin": [-11.62119, -3.62707, 0.80692]},
			"faces": {
				"north": {"uv": [0, 0, 0.4, 0.4], "rotation": 180, "texture": "#1"},
				"east": {"uv": [0, 0, 0.4, 0.4], "rotation": 180, "texture": "#1"},
				"south": {"uv": [0, 0, 0.4, 0.4], "rotation": 180, "texture": "#1"},
				"west": {"uv": [0, 0, 0.4, 0.4], "rotation": 180, "texture": "#1"},
				"up": {"uv": [0, 0, 0.4, 0.4], "rotation": 90, "texture": "#1"},
				"down": {"uv": [0, 0, 0.4, 0.4], "rotation": 270, "texture": "#1"}
			}
		},
		{
			"from": [0.60878, 3.67816, 4.31876],
			"to": [1.01371, 4.08309, 5.62588],
			"faces": {
				"north": {"uv": [0, 0, 0.4, 0.4], "rotation": 180, "texture": "#1"},
				"east": {"uv": [0, 0, 0.4, 0.4], "rotation": 180, "texture": "#1"},
				"south": {"uv": [0, 0, 0.4, 0.4], "rotation": 180, "texture": "#1"},
				"west": {"uv": [0, 0, 0.4, 0.4], "rotation": 180, "texture": "#1"},
				"up": {"uv": [0, 0, 0.4, 0.4], "rotation": 90, "texture": "#1"},
				"down": {"uv": [0, 0, 0.4, 0.4], "rotation": 270, "texture": "#1"}
			}
		},
		{
			"from": [5.99999, 1.43955, 4.30545],
			"to": [6.40492, 1.84448, 5.61257],
			"rotation": {"angle": 22.5, "axis": "z", "origin": [-2.09857, -9.98954, 0.79393]},
			"faces": {
				"north": {"uv": [0, 0, 0.4, 0.4], "rotation": 180, "texture": "#1"},
				"east": {"uv": [0, 0, 0.4, 0.4], "rotation": 180, "texture": "#1"},
				"south": {"uv": [0, 0, 0.4, 0.4], "rotation": 180, "texture": "#1"},
				"west": {"uv": [0, 0, 0.4, 0.4], "rotation": 180, "texture": "#1"},
				"up": {"uv": [0, 0, 0.4, 0.4], "rotation": 90, "texture": "#1"},
				"down": {"uv": [0, 0, 0.4, 0.4], "rotation": 270, "texture": "#1"}
			}
		},
		{
			"from": [11.83749, 1.43448, 4.29527],
			"to": [12.24242, 1.83941, 5.60239],
			"rotation": {"angle": 45, "axis": "z", "origin": [3.73893, -9.99461, 0.78375]},
			"faces": {
				"north": {"uv": [0, 0, 0.4, 0.4], "rotation": 180, "texture": "#1"},
				"east": {"uv": [0, 0, 0.4, 0.4], "rotation": 180, "texture": "#1"},
				"south": {"uv": [0, 0, 0.4, 0.4], "rotation": 180, "texture": "#1"},
				"west": {"uv": [0, 0, 0.4, 0.4], "rotation": 180, "texture": "#1"},
				"up": {"uv": [0, 0, 0.4, 0.4], "rotation": 90, "texture": "#1"},
				"down": {"uv": [0, 0, 0.4, 0.4], "rotation": 270, "texture": "#1"}
			}
		},
		{
			"from": [-2.69998, 0.33317, 4.28977],
			"to": [-2.29506, 0.7381, 5.59689],
			"rotation": {"angle": -22.5, "axis": "z", "origin": [9.13404, -7.76539, 0.77825]},
			"faces": {
				"north": {"uv": [0, 0, 0.4, 0.4], "rotation": 270, "texture": "#1"},
				"east": {"uv": [0, 0, 0.4, 0.4], "rotation": 270, "texture": "#1"},
				"south": {"uv": [0, 0, 0.4, 0.4], "rotation": 270, "texture": "#1"},
				"west": {"uv": [0, 0, 0.4, 0.4], "rotation": 270, "texture": "#1"},
				"up": {"uv": [0, 0, 0.4, 0.4], "rotation": 180, "texture": "#1"},
				"down": {"uv": [0, 0, 0.4, 0.4], "texture": "#1"}
			}
		},
		{
			"from": [1.42416, 4.46526, 4.29051],
			"to": [1.82909, 4.87018, 5.59763],
			"faces": {
				"north": {"uv": [0, 0, 0.4, 0.4], "rotation": 270, "texture": "#1"},
				"east": {"uv": [0, 0, 0.4, 0.4], "rotation": 270, "texture": "#1"},
				"south": {"uv": [0, 0, 0.4, 0.4], "rotation": 270, "texture": "#1"},
				"west": {"uv": [0, 0, 0.4, 0.4], "rotation": 270, "texture": "#1"},
				"up": {"uv": [0, 0, 0.4, 0.4], "rotation": 180, "texture": "#1"},
				"down": {"uv": [0, 0, 0.4, 0.4], "texture": "#1"}
			}
		},
		{
			"from": [3.66279, 9.85647, 4.29603],
			"to": [4.06772, 10.26139, 5.60315],
			"rotation": {"angle": 22.5, "axis": "z", "origin": [15.49681, 1.75791, 0.78451]},
			"faces": {
				"north": {"uv": [0, 0, 0.4, 0.4], "rotation": 270, "texture": "#1"},
				"east": {"uv": [0, 0, 0.4, 0.4], "rotation": 270, "texture": "#1"},
				"south": {"uv": [0, 0, 0.4, 0.4], "rotation": 270, "texture": "#1"},
				"west": {"uv": [0, 0, 0.4, 0.4], "rotation": 270, "texture": "#1"},
				"up": {"uv": [0, 0, 0.4, 0.4], "rotation": 180, "texture": "#1"},
				"down": {"uv": [0, 0, 0.4, 0.4], "texture": "#1"}
			}
		},
		{
			"from": [3.66788, 15.69397, 4.30623],
			"to": [4.07281, 16.0989, 5.61335],
			"rotation": {"angle": 45, "axis": "z", "origin": [15.5019, 7.59541, 0.79471]},
			"faces": {
				"north": {"uv": [0, 0, 0.4, 0.4], "rotation": 270, "texture": "#1"},
				"east": {"uv": [0, 0, 0.4, 0.4], "rotation": 270, "texture": "#1"},
				"south": {"uv": [0, 0, 0.4, 0.4], "rotation": 270, "texture": "#1"},
				"west": {"uv": [0, 0, 0.4, 0.4], "rotation": 270, "texture": "#1"},
				"up": {"uv": [0, 0, 0.4, 0.4], "rotation": 180, "texture": "#1"},
				"down": {"uv": [0, 0, 0.4, 0.4], "texture": "#1"}
			}
		},
		{
			"from": [4.7692, 1.15649, 4.31955],
			"to": [5.17413, 1.56142, 5.62667],
			"rotation": {"angle": -22.5, "axis": "z", "origin": [13.27269, 12.99051, 0.80803]},
			"faces": {
				"north": {"uv": [0, 0, 0.4, 0.4], "texture": "#1"},
				"east": {"uv": [0, 0, 0.4, 0.4], "texture": "#1"},
				"south": {"uv": [0, 0, 0.4, 0.4], "texture": "#1"},
				"west": {"uv": [0, 0, 0.4, 0.4], "texture": "#1"},
				"up": {"uv": [0, 0, 0.4, 0.4], "rotation": 270, "texture": "#1"},
				"down": {"uv": [0, 0, 0.4, 0.4], "rotation": 90, "texture": "#1"}
			}
		},
		{
			"from": [0.64506, 5.28782, 4.33395],
			"to": [1.04999, 5.69275, 5.64107],
			"faces": {
				"north": {"uv": [0, 0, 0.4, 0.4], "texture": "#1"},
				"east": {"uv": [0, 0, 0.4, 0.4], "texture": "#1"},
				"south": {"uv": [0, 0, 0.4, 0.4], "texture": "#1"},
				"west": {"uv": [0, 0, 0.4, 0.4], "texture": "#1"},
				"up": {"uv": [0, 0, 0.4, 0.4], "rotation": 270, "texture": "#1"},
				"down": {"uv": [0, 0, 0.4, 0.4], "rotation": 90, "texture": "#1"}
			}
		},
		{
			"from": [-3.0322, 6.65019, 4.16166],
			"to": [-2.75329, 6.92911, 5.19312],
			"rotation": {"angle": 22.5, "axis": "z", "origin": [2.825, 14.80147, 1.87404]},
			"faces": {
				"north": {"uv": [1, 0, 2.4, 1.4], "texture": "#3"},
				"east": {"uv": [1, 0, 2.4, 1.4], "texture": "#3"},
				"south": {"uv": [1, 0, 2.4, 1.4], "texture": "#3"},
				"west": {"uv": [1, 0, 2.4, 1.4], "texture": "#3"},
				"up": {"uv": [1, 0, 2.4, 1.4], "rotation": 270, "texture": "#3"},
				"down": {"uv": [1, 0, 2.4, 1.4], "rotation": 90, "texture": "#3"}
			}
		},
		{
			"from": [-7.05308, 6.65369, 4.16867],
			"to": [-6.77416, 6.9326, 5.20014],
			"rotation": {"angle": 45, "axis": "z", "origin": [-1.19588, 14.80496, 1.88106]},
			"faces": {
				"north": {"uv": [1, 0, 2.4, 1.4], "texture": "#3"},
				"east": {"uv": [1, 0, 2.4, 1.4], "texture": "#3"},
				"south": {"uv": [1, 0, 2.4, 1.4], "texture": "#3"},
				"west": {"uv": [1, 0, 2.4, 1.4], "texture": "#3"},
				"up": {"uv": [1, 0, 2.4, 1.4], "rotation": 270, "texture": "#3"},
				"down": {"uv": [1, 0, 2.4, 1.4], "rotation": 90, "texture": "#3"}
			}
		},
		{
			"from": [2.96034, 7.41227, 4.17246],
			"to": [3.23925, 7.69118, 5.20393],
			"rotation": {"angle": -22.5, "axis": "z", "origin": [-4.91202, 13.26947, 1.88485]},
			"faces": {
				"north": {"uv": [1, 0, 2.4, 1.4], "rotation": 90, "texture": "#3"},
				"east": {"uv": [1, 0, 2.4, 1.4], "rotation": 90, "texture": "#3"},
				"south": {"uv": [1, 0, 2.4, 1.4], "rotation": 90, "texture": "#3"},
				"west": {"uv": [1, 0, 2.4, 1.4], "rotation": 90, "texture": "#3"},
				"up": {"uv": [1, 0, 2.4, 1.4], "texture": "#3"},
				"down": {"uv": [1, 0, 2.4, 1.4], "rotation": 180, "texture": "#3"}
			}
		},
		{
			"from": [0.11467, 4.57155, 4.17245],
			"to": [0.39358, 4.85047, 5.20392],
			"faces": {
				"north": {"uv": [1, 0, 2.4, 1.4], "rotation": 90, "texture": "#3"},
				"east": {"uv": [1, 0, 2.4, 1.4], "rotation": 90, "texture": "#3"},
				"south": {"uv": [1, 0, 2.4, 1.4], "rotation": 90, "texture": "#3"},
				"west": {"uv": [1, 0, 2.4, 1.4], "rotation": 90, "texture": "#3"},
				"up": {"uv": [1, 0, 2.4, 1.4], "texture": "#3"},
				"down": {"uv": [1, 0, 2.4, 1.4], "rotation": 180, "texture": "#3"}
			}
		},
		{
			"from": [-1.42061, 0.85541, 4.17266],
			"to": [-1.1417, 1.13433, 5.20412],
			"rotation": {"angle": 22.5, "axis": "z", "origin": [-9.29297, 6.71262, 1.88504]},
			"faces": {
				"north": {"uv": [1, 0, 2.4, 1.4], "rotation": 90, "texture": "#3"},
				"east": {"uv": [1, 0, 2.4, 1.4], "rotation": 90, "texture": "#3"},
				"south": {"uv": [1, 0, 2.4, 1.4], "rotation": 90, "texture": "#3"},
				"west": {"uv": [1, 0, 2.4, 1.4], "rotation": 90, "texture": "#3"},
				"up": {"uv": [1, 0, 2.4, 1.4], "texture": "#3"},
				"down": {"uv": [1, 0, 2.4, 1.4], "rotation": 180, "texture": "#3"}
			}
		},
		{
			"from": [-1.41692, -3.16539, 4.17291],
			"to": [-1.13801, -2.88647, 5.20438],
			"rotation": {"angle": 45, "axis": "z", "origin": [-9.28928, 2.69181, 1.8853]},
			"faces": {
				"north": {"uv": [1, 0, 2.4, 1.4], "rotation": 90, "texture": "#3"},
				"east": {"uv": [1, 0, 2.4, 1.4], "rotation": 90, "texture": "#3"},
				"south": {"uv": [1, 0, 2.4, 1.4], "rotation": 90, "texture": "#3"},
				"west": {"uv": [1, 0, 2.4, 1.4], "rotation": 90, "texture": "#3"},
				"up": {"uv": [1, 0, 2.4, 1.4], "texture": "#3"},
				"down": {"uv": [1, 0, 2.4, 1.4], "rotation": 180, "texture": "#3"}
			}
		},
		{
			"from": [-2.17551, 6.84803, 4.16374],
			"to": [-1.8966, 7.12695, 5.1952],
			"rotation": {"angle": -22.5, "axis": "z", "origin": [-7.7538, -1.02433, 1.87612]},
			"faces": {
				"north": {"uv": [1, 0, 2.4, 1.4], "rotation": 180, "texture": "#3"},
				"east": {"uv": [1, 0, 2.4, 1.4], "rotation": 180, "texture": "#3"},
				"south": {"uv": [1, 0, 2.4, 1.4], "rotation": 180, "texture": "#3"},
				"west": {"uv": [1, 0, 2.4, 1.4], "rotation": 180, "texture": "#3"},
				"up": {"uv": [1, 0, 2.4, 1.4], "rotation": 90, "texture": "#3"},
				"down": {"uv": [1, 0, 2.4, 1.4], "rotation": 270, "texture": "#3"}
			}
		},
		{
			"from": [0.67021, 4.00752, 4.16396],
			"to": [0.94912, 4.28643, 5.19543],
			"faces": {
				"north": {"uv": [1, 0, 2.4, 1.4], "rotation": 180, "texture": "#3"},
				"east": {"uv": [1, 0, 2.4, 1.4], "rotation": 180, "texture": "#3"},
				"south": {"uv": [1, 0, 2.4, 1.4], "rotation": 180, "texture": "#3"},
				"west": {"uv": [1, 0, 2.4, 1.4], "rotation": 180, "texture": "#3"},
				"up": {"uv": [1, 0, 2.4, 1.4], "rotation": 90, "texture": "#3"},
				"down": {"uv": [1, 0, 2.4, 1.4], "rotation": 270, "texture": "#3"}
			}
		},
		{
			"from": [4.38367, 2.46556, 4.1548],
			"to": [4.66259, 2.74448, 5.18626],
			"rotation": {"angle": 22.5, "axis": "z", "origin": [-1.19462, -5.40679, 1.86718]},
			"faces": {
				"north": {"uv": [1, 0, 2.4, 1.4], "rotation": 180, "texture": "#3"},
				"east": {"uv": [1, 0, 2.4, 1.4], "rotation": 180, "texture": "#3"},
				"south": {"uv": [1, 0, 2.4, 1.4], "rotation": 180, "texture": "#3"},
				"west": {"uv": [1, 0, 2.4, 1.4], "rotation": 180, "texture": "#3"},
				"up": {"uv": [1, 0, 2.4, 1.4], "rotation": 90, "texture": "#3"},
				"down": {"uv": [1, 0, 2.4, 1.4], "rotation": 270, "texture": "#3"}
			}
		},
		{
			"from": [8.40455, 2.46207, 4.14779],
			"to": [8.68346, 2.74098, 5.17925],
			"rotation": {"angle": 45, "axis": "z", "origin": [2.82626, -5.41029, 1.86017]},
			"faces": {
				"north": {"uv": [1, 0, 2.4, 1.4], "rotation": 180, "texture": "#3"},
				"east": {"uv": [1, 0, 2.4, 1.4], "rotation": 180, "texture": "#3"},
				"south": {"uv": [1, 0, 2.4, 1.4], "rotation": 180, "texture": "#3"},
				"west": {"uv": [1, 0, 2.4, 1.4], "rotation": 180, "texture": "#3"},
				"up": {"uv": [1, 0, 2.4, 1.4], "rotation": 90, "texture": "#3"},
				"down": {"uv": [1, 0, 2.4, 1.4], "rotation": 270, "texture": "#3"}
			}
		},
		{
			"from": [-1.60887, 1.70349, 4.144],
			"to": [-1.32995, 1.9824, 5.17546],
			"rotation": {"angle": -22.5, "axis": "z", "origin": [6.54241, -3.8748, 1.85638]},
			"faces": {
				"north": {"uv": [1, 0, 2.4, 1.4], "rotation": 270, "texture": "#3"},
				"east": {"uv": [1, 0, 2.4, 1.4], "rotation": 270, "texture": "#3"},
				"south": {"uv": [1, 0, 2.4, 1.4], "rotation": 270, "texture": "#3"},
				"west": {"uv": [1, 0, 2.4, 1.4], "rotation": 270, "texture": "#3"},
				"up": {"uv": [1, 0, 2.4, 1.4], "rotation": 180, "texture": "#3"},
				"down": {"uv": [1, 0, 2.4, 1.4], "texture": "#3"}
			}
		},
		{
			"from": [1.23184, 4.54967, 4.1445],
			"to": [1.51076, 4.82858, 5.17596],
			"faces": {
				"north": {"uv": [1, 0, 2.4, 1.4], "rotation": 270, "texture": "#3"},
				"east": {"uv": [1, 0, 2.4, 1.4], "rotation": 270, "texture": "#3"},
				"south": {"uv": [1, 0, 2.4, 1.4], "rotation": 270, "texture": "#3"},
				"west": {"uv": [1, 0, 2.4, 1.4], "rotation": 270, "texture": "#3"},
				"up": {"uv": [1, 0, 2.4, 1.4], "rotation": 180, "texture": "#3"},
				"down": {"uv": [1, 0, 2.4, 1.4], "texture": "#3"}
			}
		},
		{
			"from": [2.77381, 8.26313, 4.14831],
			"to": [3.05272, 8.54205, 5.17977],
			"rotation": {"angle": 22.5, "axis": "z", "origin": [10.92508, 2.68485, 1.86069]},
			"faces": {
				"north": {"uv": [1, 0, 2.4, 1.4], "rotation": 270, "texture": "#3"},
				"east": {"uv": [1, 0, 2.4, 1.4], "rotation": 270, "texture": "#3"},
				"south": {"uv": [1, 0, 2.4, 1.4], "rotation": 270, "texture": "#3"},
				"west": {"uv": [1, 0, 2.4, 1.4], "rotation": 270, "texture": "#3"},
				"up": {"uv": [1, 0, 2.4, 1.4], "rotation": 180, "texture": "#3"},
				"down": {"uv": [1, 0, 2.4, 1.4], "texture": "#3"}
			}
		},
		{
			"from": [2.77732, 12.28401, 4.15533],
			"to": [3.05623, 12.56292, 5.18679],
			"rotation": {"angle": 45, "axis": "z", "origin": [10.92859, 6.70572, 1.86772]},
			"faces": {
				"north": {"uv": [1, 0, 2.4, 1.4], "rotation": 270, "texture": "#3"},
				"east": {"uv": [1, 0, 2.4, 1.4], "rotation": 270, "texture": "#3"},
				"south": {"uv": [1, 0, 2.4, 1.4], "rotation": 270, "texture": "#3"},
				"west": {"uv": [1, 0, 2.4, 1.4], "rotation": 270, "texture": "#3"},
				"up": {"uv": [1, 0, 2.4, 1.4], "rotation": 180, "texture": "#3"},
				"down": {"uv": [1, 0, 2.4, 1.4], "texture": "#3"}
			}
		},
		{
			"from": [3.53591, 2.27059, 4.1645],
			"to": [3.81482, 2.5495, 5.19597],
			"rotation": {"angle": -22.5, "axis": "z", "origin": [9.39311, 10.42186, 1.87689]},
			"faces": {
				"north": {"uv": [1, 0, 2.4, 1.4], "texture": "#3"},
				"east": {"uv": [1, 0, 2.4, 1.4], "texture": "#3"},
				"south": {"uv": [1, 0, 2.4, 1.4], "texture": "#3"},
				"west": {"uv": [1, 0, 2.4, 1.4], "texture": "#3"},
				"up": {"uv": [1, 0, 2.4, 1.4], "rotation": 270, "texture": "#3"},
				"down": {"uv": [1, 0, 2.4, 1.4], "rotation": 90, "texture": "#3"}
			}
		},
		{
			"from": [0.6952, 5.11625, 4.17443],
			"to": [0.97411, 5.39516, 5.20589],
			"faces": {
				"north": {"uv": [1, 0, 2.4, 1.4], "texture": "#3"},
				"east": {"uv": [1, 0, 2.4, 1.4], "texture": "#3"},
				"south": {"uv": [1, 0, 2.4, 1.4], "texture": "#3"},
				"west": {"uv": [1, 0, 2.4, 1.4], "texture": "#3"},
				"up": {"uv": [1, 0, 2.4, 1.4], "rotation": 270, "texture": "#3"},
				"down": {"uv": [1, 0, 2.4, 1.4], "rotation": 90, "texture": "#3"}
			}
		},
		{
			"from": [0.38, 4.24, 4.18],
			"to": [1.22, 5.18, 5.02],
			"faces": {
				"north": {"uv": [14.6, 0, 16, 16], "texture": "#4"},
				"east": {"uv": [14.6, 0, 16, 16], "texture": "#3"},
				"south": {"uv": [14.6, 0, 16, 16], "texture": "#3"},
				"west": {"uv": [14.6, 0, 16, 16], "texture": "#3"},
				"up": {"uv": [14.6, 0, 16, 16], "rotation": 270, "texture": "#3"},
				"down": {"uv": [14.6, 0, 16, 16], "rotation": 90, "texture": "#3"}
			}
		},
		{
			"from": [-4.76638, 7.5148, 10.37746],
			"to": [-4.36145, 7.91973, 11.68458],
			"rotation": {"angle": 22.5, "axis": "z", "origin": [3.73711, 19.34882, 15.1961]},
			"faces": {
				"north": {"uv": [0.4, 0, 0, 0.4], "texture": "#1"},
				"east": {"uv": [0.4, 0, 0, 0.4], "texture": "#1"},
				"south": {"uv": [0.4, 0, 0, 0.4], "texture": "#1"},
				"west": {"uv": [0.4, 0, 0, 0.4], "texture": "#1"},
				"up": {"uv": [0.4, 0, 0, 0.4], "rotation": 270, "texture": "#1"},
				"down": {"uv": [0.4, 0, 0, 0.4], "rotation": 90, "texture": "#1"}
			}
		},
		{
			"from": [-10.60389, 7.51988, 10.36728],
			"to": [-10.19896, 7.9248, 11.6744],
			"rotation": {"angle": 45, "axis": "z", "origin": [-2.1004, 19.3539, 15.18592]},
			"faces": {
				"north": {"uv": [0.4, 0, 0, 0.4], "texture": "#1"},
				"east": {"uv": [0.4, 0, 0, 0.4], "texture": "#1"},
				"south": {"uv": [0.4, 0, 0, 0.4], "texture": "#1"},
				"west": {"uv": [0.4, 0, 0, 0.4], "texture": "#1"},
				"up": {"uv": [0.4, 0, 0, 0.4], "rotation": 270, "texture": "#1"},
				"down": {"uv": [0.4, 0, 0, 0.4], "rotation": 90, "texture": "#1"}
			}
		},
		{
			"from": [3.93359, 8.62118, 10.36178],
			"to": [4.33852, 9.02611, 11.6689],
			"rotation": {"angle": -22.5, "axis": "z", "origin": [-7.4955, 17.12467, 15.18042]},
			"faces": {
				"north": {"uv": [0, 0.4, 0.4, 0], "rotation": 90, "texture": "#1"},
				"east": {"uv": [0, 0.4, 0.4, 0], "rotation": 90, "texture": "#1"},
				"south": {"uv": [0, 0.4, 0.4, 0], "rotation": 90, "texture": "#1"},
				"west": {"uv": [0, 0.4, 0.4, 0], "rotation": 90, "texture": "#1"},
				"up": {"uv": [0, 0.4, 0.4, 0], "texture": "#1"},
				"down": {"uv": [0, 0.4, 0.4, 0], "rotation": 180, "texture": "#1"}
			}
		},
		{
			"from": [-0.19775, 4.49703, 10.36179],
			"to": [0.20717, 4.90196, 11.66891],
			"faces": {
				"north": {"uv": [0, 0.4, 0.4, 0], "rotation": 90, "texture": "#1"},
				"east": {"uv": [0, 0.4, 0.4, 0], "rotation": 90, "texture": "#1"},
				"south": {"uv": [0, 0.4, 0.4, 0], "rotation": 90, "texture": "#1"},
				"west": {"uv": [0, 0.4, 0.4, 0], "rotation": 90, "texture": "#1"},
				"up": {"uv": [0, 0.4, 0.4, 0], "texture": "#1"},
				"down": {"uv": [0, 0.4, 0.4, 0], "rotation": 180, "texture": "#1"}
			}
		},
		{
			"from": [-2.42668, -0.89806, 10.36149],
			"to": [-2.02175, -0.49314, 11.66861],
			"rotation": {"angle": 22.5, "axis": "z", "origin": [-13.85577, 7.60542, 15.18013]},
			"faces": {
				"north": {"uv": [0, 0.4, 0.4, 0], "rotation": 90, "texture": "#1"},
				"east": {"uv": [0, 0.4, 0.4, 0], "rotation": 90, "texture": "#1"},
				"south": {"uv": [0, 0.4, 0.4, 0], "rotation": 90, "texture": "#1"},
				"west": {"uv": [0, 0.4, 0.4, 0], "rotation": 90, "texture": "#1"},
				"up": {"uv": [0, 0.4, 0.4, 0], "texture": "#1"},
				"down": {"uv": [0, 0.4, 0.4, 0], "rotation": 180, "texture": "#1"}
			}
		},
		{
			"from": [-2.42131, -6.73547, 10.36113],
			"to": [-2.01639, -6.33054, 11.66825],
			"rotation": {"angle": 45, "axis": "z", "origin": [-13.85041, 1.76802, 15.17977]},
			"faces": {
				"north": {"uv": [0, 0.4, 0.4, 0], "rotation": 90, "texture": "#1"},
				"east": {"uv": [0, 0.4, 0.4, 0], "rotation": 90, "texture": "#1"},
				"south": {"uv": [0, 0.4, 0.4, 0], "rotation": 90, "texture": "#1"},
				"west": {"uv": [0, 0.4, 0.4, 0], "rotation": 90, "texture": "#1"},
				"up": {"uv": [0, 0.4, 0.4, 0], "texture": "#1"},
				"down": {"uv": [0, 0.4, 0.4, 0], "rotation": 180, "texture": "#1"}
			}
		},
		{
			"from": [-3.52263, 7.80202, 10.37444],
			"to": [-3.11771, 8.20695, 11.68156],
			"rotation": {"angle": -22.5, "axis": "z", "origin": [-11.62119, -3.62707, 15.19308]},
			"faces": {
				"north": {"uv": [0.4, 0, 0, 0.4], "rotation": 180, "texture": "#1"},
				"east": {"uv": [0.4, 0, 0, 0.4], "rotation": 180, "texture": "#1"},
				"south": {"uv": [0.4, 0, 0, 0.4], "rotation": 180, "texture": "#1"},
				"west": {"uv": [0.4, 0, 0, 0.4], "rotation": 180, "texture": "#1"},
				"up": {"uv": [0.4, 0, 0, 0.4], "rotation": 90, "texture": "#1"},
				"down": {"uv": [0.4, 0, 0, 0.4], "rotation": 270, "texture": "#1"}
			}
		},
		{
			"from": [0.60878, 3.67816, 10.37412],
			"to": [1.01371, 4.08309, 11.68124],
			"faces": {
				"north": {"uv": [0.4, 0, 0, 0.4], "rotation": 180, "texture": "#1"},
				"east": {"uv": [0.4, 0, 0, 0.4], "rotation": 180, "texture": "#1"},
				"south": {"uv": [0.4, 0, 0, 0.4], "rotation": 180, "texture": "#1"},
				"west": {"uv": [0.4, 0, 0, 0.4], "rotation": 180, "texture": "#1"},
				"up": {"uv": [0.4, 0, 0, 0.4], "rotation": 90, "texture": "#1"},
				"down": {"uv": [0.4, 0, 0, 0.4], "rotation": 270, "texture": "#1"}
			}
		},
		{
			"from": [5.99999, 1.43955, 10.38743],
			"to": [6.40492, 1.84448, 11.69455],
			"rotation": {"angle": 22.5, "axis": "z", "origin": [-2.09857, -9.98954, 15.20607]},
			"faces": {
				"north": {"uv": [0.4, 0, 0, 0.4], "rotation": 180, "texture": "#1"},
				"east": {"uv": [0.4, 0, 0, 0.4], "rotation": 180, "texture": "#1"},
				"south": {"uv": [0.4, 0, 0, 0.4], "rotation": 180, "texture": "#1"},
				"west": {"uv": [0.4, 0, 0, 0.4], "rotation": 180, "texture": "#1"},
				"up": {"uv": [0.4, 0, 0, 0.4], "rotation": 90, "texture": "#1"},
				"down": {"uv": [0.4, 0, 0, 0.4], "rotation": 270, "texture": "#1"}
			}
		},
		{
			"from": [11.83749, 1.43448, 10.39761],
			"to": [12.24242, 1.83941, 11.70473],
			"rotation": {"angle": 45, "axis": "z", "origin": [3.73893, -9.99461, 15.21625]},
			"faces": {
				"north": {"uv": [0.4, 0, 0, 0.4], "rotation": 180, "texture": "#1"},
				"east": {"uv": [0.4, 0, 0, 0.4], "rotation": 180, "texture": "#1"},
				"south": {"uv": [0.4, 0, 0, 0.4], "rotation": 180, "texture": "#1"},
				"west": {"uv": [0.4, 0, 0, 0.4], "rotation": 180, "texture": "#1"},
				"up": {"uv": [0.4, 0, 0, 0.4], "rotation": 90, "texture": "#1"},
				"down": {"uv": [0.4, 0, 0, 0.4], "rotation": 270, "texture": "#1"}
			}
		},
		{
			"from": [-2.69998, 0.33317, 10.40311],
			"to": [-2.29506, 0.7381, 11.71023],
			"rotation": {"angle": -22.5, "axis": "z", "origin": [9.13404, -7.76539, 15.22175]},
			"faces": {
				"north": {"uv": [0, 0.4, 0.4, 0], "rotation": 270, "texture": "#1"},
				"east": {"uv": [0, 0.4, 0.4, 0], "rotation": 270, "texture": "#1"},
				"south": {"uv": [0, 0.4, 0.4, 0], "rotation": 270, "texture": "#1"},
				"west": {"uv": [0, 0.4, 0.4, 0], "rotation": 270, "texture": "#1"},
				"up": {"uv": [0, 0.4, 0.4, 0], "rotation": 180, "texture": "#1"},
				"down": {"uv": [0, 0.4, 0.4, 0], "texture": "#1"}
			}
		},
		{
			"from": [1.42416, 4.46526, 10.40237],
			"to": [1.82909, 4.87018, 11.70949],
			"faces": {
				"north": {"uv": [0, 0.4, 0.4, 0], "rotation": 270, "texture": "#1"},
				"east": {"uv": [0, 0.4, 0.4, 0], "rotation": 270, "texture": "#1"},
				"south": {"uv": [0, 0.4, 0.4, 0], "rotation": 270, "texture": "#1"},
				"west": {"uv": [0, 0.4, 0.4, 0], "rotation": 270, "texture": "#1"},
				"up": {"uv": [0, 0.4, 0.4, 0], "rotation": 180, "texture": "#1"},
				"down": {"uv": [0, 0.4, 0.4, 0], "texture": "#1"}
			}
		},
		{
			"from": [3.66279, 9.85647, 10.39685],
			"to": [4.06772, 10.26139, 11.70397],
			"rotation": {"angle": 22.5, "axis": "z", "origin": [15.49681, 1.75791, 15.21549]},
			"faces": {
				"north": {"uv": [0, 0.4, 0.4, 0], "rotation": 270, "texture": "#1"},
				"east": {"uv": [0, 0.4, 0.4, 0], "rotation": 270, "texture": "#1"},
				"south": {"uv": [0, 0.4, 0.4, 0], "rotation": 270, "texture": "#1"},
				"west": {"uv": [0, 0.4, 0.4, 0], "rotation": 270, "texture": "#1"},
				"up": {"uv": [0, 0.4, 0.4, 0], "rotation": 180, "texture": "#1"},
				"down": {"uv": [0, 0.4, 0.4, 0], "texture": "#1"}
			}
		},
		{
			"from": [3.66788, 15.69397, 10.38665],
			"to": [4.07281, 16.0989, 11.69377],
			"rotation": {"angle": 45, "axis": "z", "origin": [15.5019, 7.59541, 15.20529]},
			"faces": {
				"north": {"uv": [0, 0.4, 0.4, 0], "rotation": 270, "texture": "#1"},
				"east": {"uv": [0, 0.4, 0.4, 0], "rotation": 270, "texture": "#1"},
				"south": {"uv": [0, 0.4, 0.4, 0], "rotation": 270, "texture": "#1"},
				"west": {"uv": [0, 0.4, 0.4, 0], "rotation": 270, "texture": "#1"},
				"up": {"uv": [0, 0.4, 0.4, 0], "rotation": 180, "texture": "#1"},
				"down": {"uv": [0, 0.4, 0.4, 0], "texture": "#1"}
			}
		},
		{
			"from": [4.7692, 1.15649, 10.37333],
			"to": [5.17413, 1.56142, 11.68045],
			"rotation": {"angle": -22.5, "axis": "z", "origin": [13.27269, 12.99051, 15.19197]},
			"faces": {
				"north": {"uv": [0.4, 0, 0, 0.4], "texture": "#1"},
				"east": {"uv": [0.4, 0, 0, 0.4], "texture": "#1"},
				"south": {"uv": [0.4, 0, 0, 0.4], "texture": "#1"},
				"west": {"uv": [0.4, 0, 0, 0.4], "texture": "#1"},
				"up": {"uv": [0.4, 0, 0, 0.4], "rotation": 270, "texture": "#1"},
				"down": {"uv": [0.4, 0, 0, 0.4], "rotation": 90, "texture": "#1"}
			}
		},
		{
			"from": [0.64506, 5.28782, 10.35893],
			"to": [1.04999, 5.69275, 11.66605],
			"faces": {
				"north": {"uv": [0.4, 0, 0, 0.4], "texture": "#1"},
				"east": {"uv": [0.4, 0, 0, 0.4], "texture": "#1"},
				"south": {"uv": [0.4, 0, 0, 0.4], "texture": "#1"},
				"west": {"uv": [0.4, 0, 0, 0.4], "texture": "#1"},
				"up": {"uv": [0.4, 0, 0, 0.4], "rotation": 270, "texture": "#1"},
				"down": {"uv": [0.4, 0, 0, 0.4], "rotation": 90, "texture": "#1"}
			}
		},
		{
			"from": [-3.0322, 6.65019, 10.80688],
			"to": [-2.75329, 6.92911, 11.83834],
			"rotation": {"angle": 22.5, "axis": "z", "origin": [2.825, 14.80147, 14.12596]},
			"faces": {
				"north": {"uv": [1, 0, 2.4, 0.4], "texture": "#3"},
				"east": {"uv": [1, 0, 2.4, 0.4], "texture": "#3"},
				"south": {"uv": [1, 0, 2.4, 0.4], "texture": "#3"},
				"west": {"uv": [1, 0, 2.4, 0.4], "texture": "#3"},
				"up": {"uv": [1, 0, 2.4, 0.4], "rotation": 270, "texture": "#3"},
				"down": {"uv": [1, 0, 2.4, 0.4], "rotation": 90, "texture": "#3"}
			}
		},
		{
			"from": [-7.05308, 6.65369, 10.79986],
			"to": [-6.77416, 6.9326, 11.83133],
			"rotation": {"angle": 45, "axis": "z", "origin": [-1.19588, 14.80496, 14.11894]},
			"faces": {
				"north": {"uv": [1, 0, 2.4, 0.4], "texture": "#3"},
				"east": {"uv": [1, 0, 2.4, 0.4], "texture": "#3"},
				"south": {"uv": [1, 0, 2.4, 0.4], "texture": "#3"},
				"west": {"uv": [1, 0, 2.4, 0.4], "texture": "#3"},
				"up": {"uv": [1, 0, 2.4, 0.4], "rotation": 270, "texture": "#3"},
				"down": {"uv": [1, 0, 2.4, 0.4], "rotation": 90, "texture": "#3"}
			}
		},
		{
			"from": [2.96034, 7.41227, 10.79607],
			"to": [3.23925, 7.69118, 11.82754],
			"rotation": {"angle": -22.5, "axis": "z", "origin": [-4.91202, 13.26947, 14.11515]},
			"faces": {
				"north": {"uv": [1, 0, 2.4, 0.4], "texture": "#3"},
				"east": {"uv": [1, 0, 2.4, 0.4], "texture": "#3"},
				"south": {"uv": [1, 0, 2.4, 0.4], "texture": "#3"},
				"west": {"uv": [1, 0, 2.4, 0.4], "texture": "#3"},
				"up": {"uv": [1, 0, 2.4, 0.4], "rotation": 270, "texture": "#3"},
				"down": {"uv": [1, 0, 2.4, 0.4], "rotation": 90, "texture": "#3"}
			}
		},
		{
			"from": [0.11467, 4.57155, 10.79608],
			"to": [0.39358, 4.85047, 11.82755],
			"faces": {
				"north": {"uv": [1, 0, 2.4, 0.4], "texture": "#3"},
				"east": {"uv": [1, 0, 2.4, 0.4], "texture": "#3"},
				"south": {"uv": [1, 0, 2.4, 0.4], "texture": "#3"},
				"west": {"uv": [1, 0, 2.4, 0.4], "texture": "#3"},
				"up": {"uv": [1, 0, 2.4, 0.4], "rotation": 270, "texture": "#3"},
				"down": {"uv": [1, 0, 2.4, 0.4], "rotation": 90, "texture": "#3"}
			}
		},
		{
			"from": [-1.42061, 0.85541, 10.79588],
			"to": [-1.1417, 1.13433, 11.82734],
			"rotation": {"angle": 22.5, "axis": "z", "origin": [-9.29297, 6.71262, 14.11496]},
			"faces": {
				"north": {"uv": [1, 0, 2.4, 0.4], "texture": "#3"},
				"east": {"uv": [1, 0, 2.4, 0.4], "texture": "#3"},
				"south": {"uv": [1, 0, 2.4, 0.4], "texture": "#3"},
				"west": {"uv": [1, 0, 2.4, 0.4], "texture": "#3"},
				"up": {"uv": [1, 0, 2.4, 0.4], "rotation": 270, "texture": "#3"},
				"down": {"uv": [1, 0, 2.4, 0.4], "rotation": 90, "texture": "#3"}
			}
		},
		{
			"from": [-1.41692, -3.16539, 10.79562],
			"to": [-1.13801, -2.88647, 11.82709],
			"rotation": {"angle": 45, "axis": "z", "origin": [-9.28928, 2.69181, 14.1147]},
			"faces": {
				"north": {"uv": [1, 0, 2.4, 0.4], "texture": "#3"},
				"east": {"uv": [1, 0, 2.4, 0.4], "texture": "#3"},
				"south": {"uv": [1, 0, 2.4, 0.4], "texture": "#3"},
				"west": {"uv": [1, 0, 2.4, 0.4], "texture": "#3"},
				"up": {"uv": [1, 0, 2.4, 0.4], "rotation": 270, "texture": "#3"},
				"down": {"uv": [1, 0, 2.4, 0.4], "rotation": 90, "texture": "#3"}
			}
		},
		{
			"from": [-2.17551, 6.84803, 10.8048],
			"to": [-1.8966, 7.12695, 11.83626],
			"rotation": {"angle": -22.5, "axis": "z", "origin": [-7.7538, -1.02433, 14.12388]},
			"faces": {
				"north": {"uv": [1, 0, 2.4, 0.4], "texture": "#3"},
				"east": {"uv": [1, 0, 2.4, 0.4], "texture": "#3"},
				"south": {"uv": [1, 0, 2.4, 0.4], "texture": "#3"},
				"west": {"uv": [1, 0, 2.4, 0.4], "texture": "#3"},
				"up": {"uv": [1, 0, 2.4, 0.4], "rotation": 270, "texture": "#3"},
				"down": {"uv": [1, 0, 2.4, 0.4], "rotation": 90, "texture": "#3"}
			}
		},
		{
			"from": [0.67021, 4.00752, 10.80457],
			"to": [0.94912, 4.28643, 11.83604],
			"faces": {
				"north": {"uv": [1, 0, 2.4, 0.4], "texture": "#3"},
				"east": {"uv": [1, 0, 2.4, 0.4], "texture": "#3"},
				"south": {"uv": [1, 0, 2.4, 0.4], "texture": "#3"},
				"west": {"uv": [1, 0, 2.4, 0.4], "texture": "#3"},
				"up": {"uv": [1, 0, 2.4, 0.4], "rotation": 270, "texture": "#3"},
				"down": {"uv": [1, 0, 2.4, 0.4], "rotation": 90, "texture": "#3"}
			}
		},
		{
			"from": [4.38367, 2.46556, 10.81374],
			"to": [4.66259, 2.74448, 11.8452],
			"rotation": {"angle": 22.5, "axis": "z", "origin": [-1.19462, -5.40679, 14.13282]},
			"faces": {
				"north": {"uv": [1, 0, 2.4, 0.4], "texture": "#3"},
				"east": {"uv": [1, 0, 2.4, 0.4], "texture": "#3"},
				"south": {"uv": [1, 0, 2.4, 0.4], "texture": "#3"},
				"west": {"uv": [1, 0, 2.4, 0.4], "texture": "#3"},
				"up": {"uv": [1, 0, 2.4, 0.4], "rotation": 270, "texture": "#3"},
				"down": {"uv": [1, 0, 2.4, 0.4], "rotation": 90, "texture": "#3"}
			}
		},
		{
			"from": [8.40455, 2.46207, 10.82075],
			"to": [8.68346, 2.74098, 11.85221],
			"rotation": {"angle": 45, "axis": "z", "origin": [2.82626, -5.41029, 14.13983]},
			"faces": {
				"north": {"uv": [1, 0, 2.4, 0.4], "texture": "#3"},
				"east": {"uv": [1, 0, 2.4, 0.4], "texture": "#3"},
				"south": {"uv": [1, 0, 2.4, 0.4], "texture": "#3"},
				"west": {"uv": [1, 0, 2.4, 0.4], "texture": "#3"},
				"up": {"uv": [1, 0, 2.4, 0.4], "rotation": 270, "texture": "#3"},
				"down": {"uv": [1, 0, 2.4, 0.4], "rotation": 90, "texture": "#3"}
			}
		},
		{
			"from": [-1.60887, 1.70349, 10.82454],
			"to": [-1.32995, 1.9824, 11.856],
			"rotation": {"angle": -22.5, "axis": "z", "origin": [6.54241, -3.8748, 14.14362]},
			"faces": {
				"north": {"uv": [1, 0, 2.4, 0.4], "texture": "#3"},
				"east": {"uv": [1, 0, 2.4, 0.4], "texture": "#3"},
				"south": {"uv": [1, 0, 2.4, 0.4], "texture": "#3"},
				"west": {"uv": [1, 0, 2.4, 0.4], "texture": "#3"},
				"up": {"uv": [1, 0, 2.4, 0.4], "rotation": 270, "texture": "#3"},
				"down": {"uv": [1, 0, 2.4, 0.4], "rotation": 90, "texture": "#3"}
			}
		},
		{
			"from": [1.23184, 4.54967, 10.82404],
			"to": [1.51076, 4.82858, 11.8555],
			"faces": {
				"north": {"uv": [1, 0, 2.4, 0.4], "texture": "#3"},
				"east": {"uv": [1, 0, 2.4, 0.4], "texture": "#3"},
				"south": {"uv": [1, 0, 2.4, 0.4], "texture": "#3"},
				"west": {"uv": [1, 0, 2.4, 0.4], "texture": "#3"},
				"up": {"uv": [1, 0, 2.4, 0.4], "rotation": 270, "texture": "#3"},
				"down": {"uv": [1, 0, 2.4, 0.4], "rotation": 90, "texture": "#3"}
			}
		},
		{
			"from": [2.77381, 8.26313, 10.82023],
			"to": [3.05272, 8.54205, 11.85169],
			"rotation": {"angle": 22.5, "axis": "z", "origin": [10.92508, 2.68485, 14.13931]},
			"faces": {
				"north": {"uv": [1, 0, 2.4, 0.4], "texture": "#3"},
				"east": {"uv": [1, 0, 2.4, 0.4], "texture": "#3"},
				"south": {"uv": [1, 0, 2.4, 0.4], "texture": "#3"},
				"west": {"uv": [1, 0, 2.4, 0.4], "texture": "#3"},
				"up": {"uv": [1, 0, 2.4, 0.4], "rotation": 270, "texture": "#3"},
				"down": {"uv": [1, 0, 2.4, 0.4], "rotation": 90, "texture": "#3"}
			}
		},
		{
			"from": [2.77732, 12.28401, 10.81321],
			"to": [3.05623, 12.56292, 11.84467],
			"rotation": {"angle": 45, "axis": "z", "origin": [10.92859, 6.70572, 14.13228]},
			"faces": {
				"north": {"uv": [1, 0, 2.4, 0.4], "texture": "#3"},
				"east": {"uv": [1, 0, 2.4, 0.4], "texture": "#3"},
				"south": {"uv": [1, 0, 2.4, 0.4], "texture": "#3"},
				"west": {"uv": [1, 0, 2.4, 0.4], "texture": "#3"},
				"up": {"uv": [1, 0, 2.4, 0.4], "rotation": 270, "texture": "#3"},
				"down": {"uv": [1, 0, 2.4, 0.4], "rotation": 90, "texture": "#3"}
			}
		},
		{
			"from": [3.53591, 2.27059, 10.80403],
			"to": [3.81482, 2.5495, 11.8355],
			"rotation": {"angle": -22.5, "axis": "z", "origin": [9.39311, 10.42186, 14.12311]},
			"faces": {
				"north": {"uv": [1, 0, 2.4, 0.4], "texture": "#3"},
				"east": {"uv": [1, 0, 2.4, 0.4], "texture": "#3"},
				"south": {"uv": [1, 0, 2.4, 0.4], "texture": "#3"},
				"west": {"uv": [1, 0, 2.4, 0.4], "texture": "#3"},
				"up": {"uv": [1, 0, 2.4, 0.4], "rotation": 270, "texture": "#3"},
				"down": {"uv": [1, 0, 2.4, 0.4], "rotation": 90, "texture": "#3"}
			}
		},
		{
			"from": [0.6952, 5.11625, 10.79411],
			"to": [0.97411, 5.39516, 11.82557],
			"faces": {
				"north": {"uv": [1, 0, 2.4, 0.4], "texture": "#3"},
				"east": {"uv": [1, 0, 2.4, 0.4], "texture": "#3"},
				"south": {"uv": [1, 0, 2.4, 0.4], "texture": "#3"},
				"west": {"uv": [1, 0, 2.4, 0.4], "texture": "#3"},
				"up": {"uv": [1, 0, 2.4, 0.4], "rotation": 270, "texture": "#3"},
				"down": {"uv": [1, 0, 2.4, 0.4], "rotation": 90, "texture": "#3"}
			}
		},
		{
			"from": [0.38, 4.24, 10.98],
			"to": [1.22, 5.18, 11.82],
			"faces": {
				"north": {"uv": [1, 0, 2.4, 0.4], "texture": "#3"},
				"east": {"uv": [1, 0, 2.4, 0.4], "texture": "#4"},
				"south": {"uv": [1, 0, 2.4, 0.4], "texture": "#4"},
				"west": {"uv": [1, 0, 2.4, 0.4], "texture": "#4"},
				"up": {"uv": [1, 0, 2.4, 0.4], "rotation": 270, "texture": "#4"},
				"down": {"uv": [1, 0, 2.4, 0.4], "rotation": 90, "texture": "#4"}
			}
		},
		{
			"from": [-7.29062, 8.8579, 10.13898],
			"to": [-6.69862, 9.4499, 11.31898],
			"rotation": {"angle": 22.5, "axis": "z", "origin": [5.14138, 26.1591, 16.59898]},
			"faces": {
				"north": {"uv": [3, 3, 13.4, 12.4], "texture": "#2"},
				"east": {"uv": [3, 3, 13.4, 12.4], "texture": "#2"},
				"south": {"uv": [3, 3, 13.4, 12.4], "texture": "#2"},
				"west": {"uv": [3, 3, 13.4, 12.4], "texture": "#2"},
				"up": {"uv": [3, 3, 13.4, 12.4], "rotation": 270, "texture": "#2"},
				"down": {"uv": [3, 3, 13.4, 12.4], "rotation": 90, "texture": "#2"}
			}
		},
		{
			"from": [-15.82498, 8.86532, 10.1241],
			"to": [-15.23298, 9.45732, 11.3041],
			"rotation": {"angle": 45, "axis": "z", "origin": [-3.39298, 26.16652, 16.5841]},
			"faces": {
				"north": {"uv": [3, 3, 13.4, 12.4], "texture": "#2"},
				"east": {"uv": [3, 3, 13.4, 12.4], "texture": "#2"},
				"south": {"uv": [3, 3, 13.4, 12.4], "texture": "#2"},
				"west": {"uv": [3, 3, 13.4, 12.4], "texture": "#2"},
				"up": {"uv": [3, 3, 13.4, 12.4], "rotation": 270, "texture": "#2"},
				"down": {"uv": [3, 3, 13.4, 12.4], "rotation": 90, "texture": "#2"}
			}
		},
		{
			"from": [5.42864, 10.47541, 10.11605],
			"to": [6.02064, 11.06741, 11.29605],
			"rotation": {"angle": -22.5, "axis": "z", "origin": [-11.28056, 22.90741, 16.57605]},
			"faces": {
				"north": {"uv": [3, 3, 13.4, 12.4], "texture": "#2"},
				"east": {"uv": [3, 3, 13.4, 12.4], "texture": "#2"},
				"south": {"uv": [3, 3, 13.4, 12.4], "texture": "#2"},
				"west": {"uv": [3, 3, 13.4, 12.4], "texture": "#2"},
				"up": {"uv": [3, 3, 13.4, 12.4], "rotation": 270, "texture": "#2"},
				"down": {"uv": [3, 3, 13.4, 12.4], "rotation": 90, "texture": "#2"}
			}
		},
		{
			"from": [-0.61134, 4.44595, 10.11607],
			"to": [-0.01934, 5.03795, 11.29607],
			"faces": {
				"north": {"uv": [3, 3, 13.4, 12.4], "texture": "#2"},
				"east": {"uv": [3, 3, 13.4, 12.4], "texture": "#2"},
				"south": {"uv": [3, 3, 13.4, 12.4], "texture": "#2"},
				"west": {"uv": [3, 3, 13.4, 12.4], "texture": "#2"},
				"up": {"uv": [3, 3, 13.4, 12.4], "rotation": 270, "texture": "#2"},
				"down": {"uv": [3, 3, 13.4, 12.4], "rotation": 90, "texture": "#2"}
			}
		},
		{
			"from": [-3.86999, -3.44162, 10.11563],
			"to": [-3.27799, -2.84962, 11.29563],
			"rotation": {"angle": 22.5, "axis": "z", "origin": [-20.57919, 8.99038, 16.57563]},
			"faces": {
				"north": {"uv": [3, 3, 13.4, 12.4], "texture": "#2"},
				"east": {"uv": [3, 3, 13.4, 12.4], "texture": "#2"},
				"south": {"uv": [3, 3, 13.4, 12.4], "texture": "#2"},
				"west": {"uv": [3, 3, 13.4, 12.4], "texture": "#2"},
				"up": {"uv": [3, 3, 13.4, 12.4], "rotation": 270, "texture": "#2"},
				"down": {"uv": [3, 3, 13.4, 12.4], "rotation": 90, "texture": "#2"}
			}
		},
		{
			"from": [-3.86215, -11.97583, 10.1151],
			"to": [-3.27015, -11.38383, 11.2951],
			"rotation": {"angle": 45, "axis": "z", "origin": [-20.57135, 0.45617, 16.5751]},
			"faces": {
				"north": {"uv": [3, 3, 13.4, 12.4], "texture": "#2"},
				"east": {"uv": [3, 3, 13.4, 12.4], "texture": "#2"},
				"south": {"uv": [3, 3, 13.4, 12.4], "texture": "#2"},
				"west": {"uv": [3, 3, 13.4, 12.4], "texture": "#2"},
				"up": {"uv": [3, 3, 13.4, 12.4], "rotation": 270, "texture": "#2"},
				"down": {"uv": [3, 3, 13.4, 12.4], "rotation": 90, "texture": "#2"}
			}
		},
		{
			"from": [-5.47227, 9.27781, 10.13457],
			"to": [-4.88027, 9.86981, 11.31457],
			"rotation": {"angle": -22.5, "axis": "z", "origin": [-17.31227, -7.43139, 16.59457]},
			"faces": {
				"north": {"uv": [3, 3, 13.4, 12.4], "texture": "#2"},
				"east": {"uv": [3, 3, 13.4, 12.4], "texture": "#2"},
				"south": {"uv": [3, 3, 13.4, 12.4], "texture": "#2"},
				"west": {"uv": [3, 3, 13.4, 12.4], "texture": "#2"},
				"up": {"uv": [3, 3, 13.4, 12.4], "rotation": 270, "texture": "#2"},
				"down": {"uv": [3, 3, 13.4, 12.4], "rotation": 90, "texture": "#2"}
			}
		},
		{
			"from": [0.56781, 3.24877, 10.13409],
			"to": [1.15981, 3.84077, 11.31409],
			"faces": {
				"north": {"uv": [3, 3, 13.4, 12.4], "texture": "#2"},
				"east": {"uv": [3, 3, 13.4, 12.4], "texture": "#2"},
				"south": {"uv": [3, 3, 13.4, 12.4], "texture": "#2"},
				"west": {"uv": [3, 3, 13.4, 12.4], "texture": "#2"},
				"up": {"uv": [3, 3, 13.4, 12.4], "rotation": 270, "texture": "#2"},
				"down": {"uv": [3, 3, 13.4, 12.4], "rotation": 90, "texture": "#2"}
			}
		},
		{
			"from": [8.44969, -0.02404, 10.15355],
			"to": [9.04169, 0.56796, 11.33355],
			"rotation": {"angle": 22.5, "axis": "z", "origin": [-3.39031, -16.73324, 16.61355]},
			"faces": {
				"north": {"uv": [3, 3, 13.4, 12.4], "texture": "#2"},
				"east": {"uv": [3, 3, 13.4, 12.4], "texture": "#2"},
				"south": {"uv": [3, 3, 13.4, 12.4], "texture": "#2"},
				"west": {"uv": [3, 3, 13.4, 12.4], "texture": "#2"},
				"up": {"uv": [3, 3, 13.4, 12.4], "rotation": 270, "texture": "#2"},
				"down": {"uv": [3, 3, 13.4, 12.4], "rotation": 90, "texture": "#2"}
			}
		},
		{
			"from": [16.98406, -0.03146, 10.16843],
			"to": [17.57606, 0.56054, 11.34843],
			"rotation": {"angle": 45, "axis": "z", "origin": [5.14406, -16.74066, 16.62843]},
			"faces": {
				"north": {"uv": [3, 3, 13.4, 12.4], "texture": "#2"},
				"east": {"uv": [3, 3, 13.4, 12.4], "texture": "#2"},
				"south": {"uv": [3, 3, 13.4, 12.4], "texture": "#2"},
				"west": {"uv": [3, 3, 13.4, 12.4], "texture": "#2"},
				"up": {"uv": [3, 3, 13.4, 12.4], "rotation": 270, "texture": "#2"},
				"down": {"uv": [3, 3, 13.4, 12.4], "rotation": 90, "texture": "#2"}
			}
		},
		{
			"from": [-4.26957, -1.64156, 10.17647],
			"to": [-3.67757, -1.04956, 11.35647],
			"rotation": {"angle": -22.5, "axis": "z", "origin": [13.03163, -13.48156, 16.63647]},
			"faces": {
				"north": {"uv": [3, 3, 13.4, 12.4], "texture": "#2"},
				"east": {"uv": [3, 3, 13.4, 12.4], "texture": "#2"},
				"south": {"uv": [3, 3, 13.4, 12.4], "texture": "#2"},
				"west": {"uv": [3, 3, 13.4, 12.4], "texture": "#2"},
				"up": {"uv": [3, 3, 13.4, 12.4], "rotation": 270, "texture": "#2"},
				"down": {"uv": [3, 3, 13.4, 12.4], "rotation": 90, "texture": "#2"}
			}
		},
		{
			"from": [1.75989, 4.3995, 10.1754],
			"to": [2.35189, 4.9915, 11.3554],
			"faces": {
				"north": {"uv": [3, 3, 13.4, 12.4], "texture": "#2"},
				"east": {"uv": [3, 3, 13.4, 12.4], "texture": "#2"},
				"south": {"uv": [3, 3, 13.4, 12.4], "texture": "#2"},
				"west": {"uv": [3, 3, 13.4, 12.4], "texture": "#2"},
				"up": {"uv": [3, 3, 13.4, 12.4], "rotation": 270, "texture": "#2"},
				"down": {"uv": [3, 3, 13.4, 12.4], "rotation": 90, "texture": "#2"}
			}
		},
		{
			"from": [5.03273, 12.28138, 10.16732],
			"to": [5.62473, 12.87338, 11.34732],
			"rotation": {"angle": 22.5, "axis": "z", "origin": [22.33393, 0.44138, 16.62732]},
			"faces": {
				"north": {"uv": [3, 3, 13.4, 12.4], "texture": "#2"},
				"east": {"uv": [3, 3, 13.4, 12.4], "texture": "#2"},
				"south": {"uv": [3, 3, 13.4, 12.4], "texture": "#2"},
				"west": {"uv": [3, 3, 13.4, 12.4], "texture": "#2"},
				"up": {"uv": [3, 3, 13.4, 12.4], "rotation": 270, "texture": "#2"},
				"down": {"uv": [3, 3, 13.4, 12.4], "rotation": 90, "texture": "#2"}
			}
		},
		{
			"from": [5.04018, 20.81575, 10.15241],
			"to": [5.63218, 21.40775, 11.33241],
			"rotation": {"angle": 45, "axis": "z", "origin": [22.34138, 8.97575, 16.61241]},
			"faces": {
				"north": {"uv": [3, 3, 13.4, 12.4], "texture": "#2"},
				"east": {"uv": [3, 3, 13.4, 12.4], "texture": "#2"},
				"south": {"uv": [3, 3, 13.4, 12.4], "texture": "#2"},
				"west": {"uv": [3, 3, 13.4, 12.4], "texture": "#2"},
				"up": {"uv": [3, 3, 13.4, 12.4], "rotation": 270, "texture": "#2"},
				"down": {"uv": [3, 3, 13.4, 12.4], "rotation": 90, "texture": "#2"}
			}
		},
		{
			"from": [6.65029, -0.43788, 10.13295],
			"to": [7.24229, 0.15412, 11.31295],
			"rotation": {"angle": -22.5, "axis": "z", "origin": [19.08229, 16.86332, 16.59295]},
			"faces": {
				"north": {"uv": [3, 3, 13.4, 12.4], "texture": "#2"},
				"east": {"uv": [3, 3, 13.4, 12.4], "texture": "#2"},
				"south": {"uv": [3, 3, 13.4, 12.4], "texture": "#2"},
				"west": {"uv": [3, 3, 13.4, 12.4], "texture": "#2"},
				"up": {"uv": [3, 3, 13.4, 12.4], "rotation": 270, "texture": "#2"},
				"down": {"uv": [3, 3, 13.4, 12.4], "rotation": 90, "texture": "#2"}
			}
		},
		{
			"from": [0.62085, 5.60208, 10.11188],
			"to": [1.21285, 6.19408, 11.29188],
			"faces": {
				"north": {"uv": [3, 3, 13.4, 12.4], "texture": "#2"},
				"east": {"uv": [3, 3, 13.4, 12.4], "texture": "#2"},
				"south": {"uv": [3, 3, 13.4, 12.4], "texture": "#2"},
				"west": {"uv": [3, 3, 13.4, 12.4], "texture": "#2"},
				"up": {"uv": [3, 3, 13.4, 12.4], "rotation": 270, "texture": "#2"},
				"down": {"uv": [3, 3, 13.4, 12.4], "rotation": 90, "texture": "#2"}
			}
		},
		{
			"from": [-0.5, 7.5, 7.5],
			"to": [4.5, 8.5, 8.5],
			"faces": {
				"north": {"uv": [0, 0, 5, 1], "texture": "#0"},
				"east": {"uv": [0, 0, 1, 1], "texture": "#0"},
				"south": {"uv": [0, 0, 5, 1], "texture": "#0"},
				"west": {"uv": [0, 0, 1, 1], "texture": "#0"},
				"up": {"uv": [0, 0, 1, 5], "rotation": 90, "texture": "#0"},
				"down": {"uv": [0, 0, 1, 5], "rotation": 270, "texture": "#0"}
			}
		},
		{
			"from": [3.5, 8.5, 7.5],
			"to": [4.5, 9.5, 8.5],
			"faces": {
				"north": {"uv": [0, 0, 1, 1], "texture": "#0"},
				"east": {"uv": [0, 0, 1, 1], "texture": "#0"},
				"south": {"uv": [0, 0, 1, 1], "texture": "#0"},
				"west": {"uv": [0, 0, 1, 1], "texture": "#0"},
				"up": {"uv": [0, 0, 1, 1], "rotation": 90, "texture": "#0"},
				"down": {"uv": [0, 0, 1, 1], "rotation": 270, "texture": "#0"}
			}
		},
		{
			"from": [0.5, 5.3, 10.5],
			"to": [1.5, 6.8, 11.5],
			"faces": {
				"north": {"uv": [0, 0, 1, 1.5], "texture": "#1"},
				"east": {"uv": [0, 0, 1, 1.5], "texture": "#1"},
				"south": {"uv": [0, 0, 1, 1.5], "texture": "#1"},
				"west": {"uv": [0, 0, 1, 1.5], "texture": "#1"},
				"up": {"uv": [0, 0, 1, 1], "rotation": 90, "texture": "#1"},
				"down": {"uv": [0, 0, 1, 1], "rotation": 270, "texture": "#1"}
			}
		},
		{
			"from": [0.5, 5.3, 4.5],
			"to": [1.5, 6.8, 5.5],
			"faces": {
				"north": {"uv": [1, 0, 0, 1.5], "texture": "#1"},
				"east": {"uv": [1, 0, 0, 1.5], "texture": "#1"},
				"south": {"uv": [1, 0, 0, 1.5], "texture": "#1"},
				"west": {"uv": [1, 0, 0, 1.5], "texture": "#1"},
				"up": {"uv": [1, 0, 0, 1.5], "rotation": 90, "texture": "#1"},
				"down": {"uv": [1, 0, 0, 1.5], "rotation": 270, "texture": "#1"}
			}
		}
	],
	"groups": [
		{
			"name": "headphones",
			"children": [
				{
					"name": "group",
					"children": [0, 1, 2, 3, 4, 5, 6, 7, 8, 9]
				},
				{
					"name": "cups",
					"children": [
						{
							"name": "r",
							"children": [
								{
									"name": "group",
									"children": [10, 11, 12, 13, 14, 15, 16, 17, 18, 19, 20, 21, 22, 23, 24, 25]
								},
								{
									"name": "1",
									"children": [26, 27, 28, 29, 30, 31, 32, 33, 34, 35, 36, 37, 38, 39, 40, 41]
								},
								{
									"name": "3",
									"children": [42, 43, 44, 45, 46, 47, 48, 49, 50, 51, 52, 53, 54, 55, 56, 57, 58]
								},
								{
									"name": "2",
									"children": [59, 60, 61, 62, 63, 64, 65, 66, 67, 68, 69, 70, 71, 72, 73, 74]
								},
								{
									"name": "4",
									"children": [75, 76, 77, 78, 79, 80, 81, 82, 83, 84, 85, 86, 87, 88, 89, 90, 91]
								}
							]
						},
						{
							"name": "l",
							"children": [92, 93, 94, 95, 96, 97, 98, 99, 100, 101, 102, 103, 104, 105, 106, 107]
						}
					]
				}
			]
		}, 108, 109, 110, 111]
}