{
	"credit": "Made with Blockbench",
	"textures": {
		"1": "blocks/concrete_white",
		"2": "blocks/shulker_top_gray",
		"3": "blocks/concrete_powder_light_blue",
		"4": "blocks/concrete_red"
	},
	"elements": [
		{
			"from": [6.23689, 0.5, 4.6],
			"to": [8.68689, 2.5, 5.6],
			"faces": {
				"north": {"uv": [0, 0, 2, 2.45], "rotation": 90, "texture": "#1"},
				"east": {"uv": [0, 0, 2, 2.45], "texture": "#1"},
				"south": {"uv": [0, 0, 2, 2.45], "rotation": 270, "texture": "#1"},
				"west": {"uv": [0, 0, 2, 2.45], "texture": "#1"},
				"up": {"uv": [0, 0, 2, 2.45], "rotation": 270, "texture": "#1"},
				"down": {"uv": [0, 0, 2, 2.45], "rotation": 270, "texture": "#1"}
			}
		},
		{
			"from": [6.23689, 0.5, 10.4],
			"to": [8.68689, 2.5, 11.4],
			"faces": {
				"north": {"uv": [1, 0, 3, 2.45], "rotation": 90, "texture": "#1"},
				"east": {"uv": [1, 0, 3, 2.45], "texture": "#1"},
				"south": {"uv": [1, 0, 3, 2.45], "rotation": 270, "texture": "#1"},
				"west": {"uv": [1, 0, 3, 2.45], "texture": "#1"},
				"up": {"uv": [1, 0, 3, 2.45], "rotation": 270, "texture": "#1"},
				"down": {"uv": [1, 0, 3, 2.45], "rotation": 270, "texture": "#1"}
			}
		},
		{
			"from": [3.99095, 0.49921, 5.59306],
			"to": [5.24095, 2.49921, 6.59306],
			"rotation": {"angle": 22.5, "axis": "y", "origin": [3.24095, 8.99921, 2.59306]},
			"faces": {
				"north": {"uv": [0, 0, 2, 1.25], "rotation": 90, "texture": "#1"},
				"east": {"uv": [0, 0, 2, 1.25], "texture": "#1"},
				"south": {"uv": [0, 0, 2, 1.25], "rotation": 270, "texture": "#1"},
				"west": {"uv": [0, 0, 2, 1.25], "texture": "#1"},
				"up": {"uv": [0, 0, 2, 1.25], "rotation": 270, "texture": "#1"},
				"down": {"uv": [0, 0, 2, 1.25], "rotation": 270, "texture": "#1"}
			}
		},
		{
			"from": [3.99095, 0.49921, 9.40694],
			"to": [5.24095, 2.49921, 10.40694],
			"rotation": {"angle": -22.5, "axis": "y", "origin": [3.24095, 8.99921, 13.40694]},
			"faces": {
				"north": {"uv": [2, 0, 4, 1.25], "rotation": 90, "texture": "#1"},
				"east": {"uv": [2, 0, 4, 1.25], "texture": "#1"},
				"south": {"uv": [2, 0, 4, 1.25], "rotation": 270, "texture": "#1"},
				"west": {"uv": [2, 0, 4, 1.25], "texture": "#1"},
				"up": {"uv": [2, 0, 4, 1.25], "rotation": 270, "texture": "#1"},
				"down": {"uv": [2, 0, 4, 1.25], "rotation": 270, "texture": "#1"}
			}
		},
		{
			"from": [2.00309, 0.49826, 6.66292],
			"to": [3.25309, 2.49826, 7.66292],
			"rotation": {"angle": 45, "axis": "y", "origin": [2.25309, 8.99826, 3.66292]},
			"faces": {
				"north": {"uv": [0, 0, 2, 1.25], "rotation": 90, "texture": "#1"},
				"east": {"uv": [0, 0, 2, 1.25], "texture": "#1"},
				"south": {"uv": [0, 0, 2, 1.25], "rotation": 270, "texture": "#1"},
				"west": {"uv": [0, 0, 2, 1.25], "texture": "#1"},
				"up": {"uv": [0, 0, 2, 1.25], "rotation": 270, "texture": "#1"},
				"down": {"uv": [0, 0, 2, 1.25], "rotation": 270, "texture": "#1"}
			}
		},
		{
			"from": [2.00309, 0.49826, 8.33708],
			"to": [3.25309, 2.49826, 9.33708],
			"rotation": {"angle": -45, "axis": "y", "origin": [2.25309, 8.99826, 12.33708]},
			"faces": {
				"north": {"uv": [2, 0, 4, 1.25], "rotation": 90, "texture": "#1"},
				"east": {"uv": [2, 0, 4, 1.25], "texture": "#1"},
				"south": {"uv": [2, 0, 4, 1.25], "rotation": 270, "texture": "#1"},
				"west": {"uv": [2, 0, 4, 1.25], "texture": "#1"},
				"up": {"uv": [2, 0, 4, 1.25], "rotation": 270, "texture": "#1"},
				"down": {"uv": [2, 0, 4, 1.25], "rotation": 270, "texture": "#1"}
			}
		},
		{
			"from": [5.57348, 0.49731, 5.04094],
			"to": [6.57348, 2.49731, 6.29094],
			"rotation": {"angle": -22.5, "axis": "y", "origin": [2.57348, 8.99731, 2.04094]},
			"faces": {
				"north": {"uv": [0, 0, 1, 2], "texture": "#1"},
				"east": {"uv": [0, 0, 1, 2], "rotation": 270, "texture": "#1"},
				"south": {"uv": [0, 0, 1, 2], "rotation": 180, "texture": "#1"},
				"west": {"uv": [0, 0, 1, 2], "rotation": 270, "texture": "#1"},
				"up": {"uv": [0, 0, 1, 2], "rotation": 180, "texture": "#1"},
				"down": {"uv": [0, 0, 1, 2], "rotation": 180, "texture": "#1"}
			}
		},
		{
			"from": [5.57348, 0.49731, 9.70906],
			"to": [6.57348, 2.49731, 10.95906],
			"rotation": {"angle": 22.5, "axis": "y", "origin": [2.57348, 8.99731, 13.95906]},
			"faces": {
				"north": {"uv": [0, 2, 1, 4], "texture": "#1"},
				"east": {"uv": [0, 2, 1, 4], "rotation": 270, "texture": "#1"},
				"south": {"uv": [0, 2, 1, 4], "rotation": 180, "texture": "#1"},
				"west": {"uv": [0, 2, 1, 4], "rotation": 270, "texture": "#1"},
				"up": {"uv": [0, 2, 1, 4], "rotation": 180, "texture": "#1"},
				"down": {"uv": [0, 2, 1, 4], "rotation": 180, "texture": "#1"}
			}
		},
		{
			"from": [3.7206, 0.50243, 7.11872],
			"to": [4.7206, 2.50243, 8.36872],
			"faces": {
				"north": {"uv": [0, 0, 1, 2], "texture": "#1"},
				"east": {"uv": [0, 0, 1, 2], "rotation": 270, "texture": "#1"},
				"south": {"uv": [0, 0, 1, 2], "rotation": 180, "texture": "#1"},
				"west": {"uv": [0, 0, 1, 2], "rotation": 270, "texture": "#1"},
				"up": {"uv": [0, 0, 1, 2], "rotation": 180, "texture": "#1"},
				"down": {"uv": [0, 0, 1, 2], "rotation": 180, "texture": "#1"}
			}
		},
		{
			"from": [3.7206, 0.50243, 7.63128],
			"to": [4.7206, 2.50243, 8.88128],
			"faces": {
				"north": {"uv": [0, 2, 1, 4], "texture": "#1"},
				"east": {"uv": [0, 2, 1, 4], "rotation": 270, "texture": "#1"},
				"south": {"uv": [0, 2, 1, 4], "rotation": 180, "texture": "#1"},
				"west": {"uv": [0, 2, 1, 4], "rotation": 270, "texture": "#1"},
				"up": {"uv": [0, 2, 1, 4], "rotation": 180, "texture": "#1"},
				"down": {"uv": [0, 2, 1, 4], "rotation": 180, "texture": "#1"}
			}
		},
		{
			"from": [0.70938, 5.6579, 4.68102],
			"to": [1.30138, 6.2499, 5.86102],
			"rotation": {"angle": 22.5, "axis": "z", "origin": [13.14138, 22.9591, -0.59898]},
			"faces": {
				"north": {"uv": [3, 3, 13.4, 12.4], "texture": "#2"},
				"east": {"uv": [3, 3, 13.4, 12.4], "texture": "#2"},
				"south": {"uv": [3, 3, 13.4, 12.4], "texture": "#2"},
				"west": {"uv": [3, 3, 13.4, 12.4], "texture": "#2"},
				"up": {"uv": [3, 3, 13.4, 12.4], "rotation": 270, "texture": "#2"},
				"down": {"uv": [3, 3, 13.4, 12.4], "rotation": 90, "texture": "#2"}
			}
		},
		{
			"from": [-7.82498, 5.66532, 4.6959],
			"to": [-7.23298, 6.25732, 5.8759],
			"rotation": {"angle": 45, "axis": "z", "origin": [4.60702, 22.96652, -0.5841]},
			"faces": {
				"north": {"uv": [3, 3, 13.4, 12.4], "texture": "#2"},
				"east": {"uv": [3, 3, 13.4, 12.4], "texture": "#2"},
				"south": {"uv": [3, 3, 13.4, 12.4], "texture": "#2"},
				"west": {"uv": [3, 3, 13.4, 12.4], "texture": "#2"},
				"up": {"uv": [3, 3, 13.4, 12.4], "rotation": 270, "texture": "#2"},
				"down": {"uv": [3, 3, 13.4, 12.4], "rotation": 90, "texture": "#2"}
			}
		},
		{
			"from": [13.42864, 7.27541, 4.70395],
			"to": [14.02064, 7.86741, 5.88395],
			"rotation": {"angle": -22.5, "axis": "z", "origin": [-3.28056, 19.70741, -0.57605]},
			"faces": {
				"north": {"uv": [3, 3, 13.4, 12.4], "rotation": 90, "texture": "#2"},
				"east": {"uv": [3, 3, 13.4, 12.4], "rotation": 90, "texture": "#2"},
				"south": {"uv": [3, 3, 13.4, 12.4], "rotation": 90, "texture": "#2"},
				"west": {"uv": [3, 3, 13.4, 12.4], "rotation": 90, "texture": "#2"},
				"up": {"uv": [3, 3, 13.4, 12.4], "texture": "#2"},
				"down": {"uv": [3, 3, 13.4, 12.4], "rotation": 180, "texture": "#2"}
			}
		},
		{
			"from": [7.38866, 1.24595, 4.70393],
			"to": [7.98066, 1.83795, 5.88393],
			"faces": {
				"north": {"uv": [3, 3, 13.4, 12.4], "rotation": 90, "texture": "#2"},
				"east": {"uv": [3, 3, 13.4, 12.4], "rotation": 90, "texture": "#2"},
				"south": {"uv": [3, 3, 13.4, 12.4], "rotation": 90, "texture": "#2"},
				"west": {"uv": [3, 3, 13.4, 12.4], "rotation": 90, "texture": "#2"},
				"up": {"uv": [3, 3, 13.4, 12.4], "texture": "#2"},
				"down": {"uv": [3, 3, 13.4, 12.4], "rotation": 180, "texture": "#2"}
			}
		},
		{
			"from": [4.13001, -6.64162, 4.70437],
			"to": [4.72201, -6.04962, 5.88437],
			"rotation": {"angle": 22.5, "axis": "z", "origin": [-12.57919, 5.79038, -0.57563]},
			"faces": {
				"north": {"uv": [3, 3, 13.4, 12.4], "rotation": 90, "texture": "#2"},
				"east": {"uv": [3, 3, 13.4, 12.4], "rotation": 90, "texture": "#2"},
				"south": {"uv": [3, 3, 13.4, 12.4], "rotation": 90, "texture": "#2"},
				"west": {"uv": [3, 3, 13.4, 12.4], "rotation": 90, "texture": "#2"},
				"up": {"uv": [3, 3, 13.4, 12.4], "texture": "#2"},
				"down": {"uv": [3, 3, 13.4, 12.4], "rotation": 180, "texture": "#2"}
			}
		},
		{
			"from": [4.13785, -15.17583, 4.7049],
			"to": [4.72985, -14.58383, 5.8849],
			"rotation": {"angle": 45, "axis": "z", "origin": [-12.57135, -2.74383, -0.5751]},
			"faces": {
				"north": {"uv": [3, 3, 13.4, 12.4], "rotation": 90, "texture": "#2"},
				"east": {"uv": [3, 3, 13.4, 12.4], "rotation": 90, "texture": "#2"},
				"south": {"uv": [3, 3, 13.4, 12.4], "rotation": 90, "texture": "#2"},
				"west": {"uv": [3, 3, 13.4, 12.4], "rotation": 90, "texture": "#2"},
				"up": {"uv": [3, 3, 13.4, 12.4], "texture": "#2"},
				"down": {"uv": [3, 3, 13.4, 12.4], "rotation": 180, "texture": "#2"}
			}
		},
		{
			"from": [2.52773, 6.07781, 4.68543],
			"to": [3.11973, 6.66981, 5.86543],
			"rotation": {"angle": -22.5, "axis": "z", "origin": [-9.31227, -10.63139, -0.59457]},
			"faces": {
				"north": {"uv": [3, 3, 13.4, 12.4], "rotation": 180, "texture": "#2"},
				"east": {"uv": [3, 3, 13.4, 12.4], "rotation": 180, "texture": "#2"},
				"south": {"uv": [3, 3, 13.4, 12.4], "rotation": 180, "texture": "#2"},
				"west": {"uv": [3, 3, 13.4, 12.4], "rotation": 180, "texture": "#2"},
				"up": {"uv": [3, 3, 13.4, 12.4], "rotation": 90, "texture": "#2"},
				"down": {"uv": [3, 3, 13.4, 12.4], "rotation": 270, "texture": "#2"}
			}
		},
		{
			"from": [8.56781, 0.04877, 4.68591],
			"to": [9.15981, 0.64077, 5.86591],
			"faces": {
				"north": {"uv": [3, 3, 13.4, 12.4], "rotation": 180, "texture": "#2"},
				"east": {"uv": [3, 3, 13.4, 12.4], "rotation": 180, "texture": "#2"},
				"south": {"uv": [3, 3, 13.4, 12.4], "rotation": 180, "texture": "#2"},
				"west": {"uv": [3, 3, 13.4, 12.4], "rotation": 180, "texture": "#2"},
				"up": {"uv": [3, 3, 13.4, 12.4], "rotation": 90, "texture": "#2"},
				"down": {"uv": [3, 3, 13.4, 12.4], "rotation": 270, "texture": "#2"}
			}
		},
		{
			"from": [16.44969, -3.22404, 4.66645],
			"to": [17.04169, -2.63204, 5.84645],
			"rotation": {"angle": 22.5, "axis": "z", "origin": [4.60969, -19.93324, -0.61355]},
			"faces": {
				"north": {"uv": [3, 3, 13.4, 12.4], "rotation": 180, "texture": "#2"},
				"east": {"uv": [3, 3, 13.4, 12.4], "rotation": 180, "texture": "#2"},
				"south": {"uv": [3, 3, 13.4, 12.4], "rotation": 180, "texture": "#2"},
				"west": {"uv": [3, 3, 13.4, 12.4], "rotation": 180, "texture": "#2"},
				"up": {"uv": [3, 3, 13.4, 12.4], "rotation": 90, "texture": "#2"},
				"down": {"uv": [3, 3, 13.4, 12.4], "rotation": 270, "texture": "#2"}
			}
		},
		{
			"from": [24.98406, -3.23146, 4.65157],
			"to": [25.57606, -2.63946, 5.83157],
			"rotation": {"angle": 45, "axis": "z", "origin": [13.14406, -19.94066, -0.62843]},
			"faces": {
				"north": {"uv": [3, 3, 13.4, 12.4], "rotation": 180, "texture": "#2"},
				"east": {"uv": [3, 3, 13.4, 12.4], "rotation": 180, "texture": "#2"},
				"south": {"uv": [3, 3, 13.4, 12.4], "rotation": 180, "texture": "#2"},
				"west": {"uv": [3, 3, 13.4, 12.4], "rotation": 180, "texture": "#2"},
				"up": {"uv": [3, 3, 13.4, 12.4], "rotation": 90, "texture": "#2"},
				"down": {"uv": [3, 3, 13.4, 12.4], "rotation": 270, "texture": "#2"}
			}
		},
		{
			"from": [3.73043, -4.84156, 4.64353],
			"to": [4.32243, -4.24956, 5.82353],
			"rotation": {"angle": -22.5, "axis": "z", "origin": [21.03163, -16.68156, -0.63647]},
			"faces": {
				"north": {"uv": [3, 3, 13.4, 12.4], "rotation": 270, "texture": "#2"},
				"east": {"uv": [3, 3, 13.4, 12.4], "rotation": 270, "texture": "#2"},
				"south": {"uv": [3, 3, 13.4, 12.4], "rotation": 270, "texture": "#2"},
				"west": {"uv": [3, 3, 13.4, 12.4], "rotation": 270, "texture": "#2"},
				"up": {"uv": [3, 3, 13.4, 12.4], "rotation": 180, "texture": "#2"},
				"down": {"uv": [3, 3, 13.4, 12.4], "texture": "#2"}
			}
		},
		{
			"from": [9.75989, 1.1995, 4.6446],
			"to": [10.35189, 1.7915, 5.8246],
			"faces": {
				"north": {"uv": [3, 3, 13.4, 12.4], "rotation": 270, "texture": "#2"},
				"east": {"uv": [3, 3, 13.4, 12.4], "rotation": 270, "texture": "#2"},
				"south": {"uv": [3, 3, 13.4, 12.4], "rotation": 270, "texture": "#2"},
				"west": {"uv": [3, 3, 13.4, 12.4], "rotation": 270, "texture": "#2"},
				"up": {"uv": [3, 3, 13.4, 12.4], "rotation": 180, "texture": "#2"},
				"down": {"uv": [3, 3, 13.4, 12.4], "texture": "#2"}
			}
		},
		{
			"from": [13.03273, 9.08138, 4.65268],
			"to": [13.62473, 9.67338, 5.83268],
			"rotation": {"angle": 22.5, "axis": "z", "origin": [30.33393, -2.75862, -0.62732]},
			"faces": {
				"north": {"uv": [3, 3, 13.4, 12.4], "rotation": 270, "texture": "#2"},
				"east": {"uv": [3, 3, 13.4, 12.4], "rotation": 270, "texture": "#2"},
				"south": {"uv": [3, 3, 13.4, 12.4], "rotation": 270, "texture": "#2"},
				"west": {"uv": [3, 3, 13.4, 12.4], "rotation": 270, "texture": "#2"},
				"up": {"uv": [3, 3, 13.4, 12.4], "rotation": 180, "texture": "#2"},
				"down": {"uv": [3, 3, 13.4, 12.4], "texture": "#2"}
			}
		},
		{
			"from": [13.04018, 17.61575, 4.66759],
			"to": [13.63218, 18.20775, 5.84759],
			"rotation": {"angle": 45, "axis": "z", "origin": [30.34138, 5.77575, -0.61241]},
			"faces": {
				"north": {"uv": [3, 3, 13.4, 12.4], "rotation": 270, "texture": "#2"},
				"east": {"uv": [3, 3, 13.4, 12.4], "rotation": 270, "texture": "#2"},
				"south": {"uv": [3, 3, 13.4, 12.4], "rotation": 270, "texture": "#2"},
				"west": {"uv": [3, 3, 13.4, 12.4], "rotation": 270, "texture": "#2"},
				"up": {"uv": [3, 3, 13.4, 12.4], "rotation": 180, "texture": "#2"},
				"down": {"uv": [3, 3, 13.4, 12.4], "texture": "#2"}
			}
		},
		{
			"from": [14.65029, -3.63788, 4.68705],
			"to": [15.24229, -3.04588, 5.86705],
			"rotation": {"angle": -22.5, "axis": "z", "origin": [27.08229, 13.66332, -0.59295]},
			"faces": {
				"north": {"uv": [3, 3, 13.4, 12.4], "texture": "#2"},
				"east": {"uv": [3, 3, 13.4, 12.4], "texture": "#2"},
				"south": {"uv": [3, 3, 13.4, 12.4], "texture": "#2"},
				"west": {"uv": [3, 3, 13.4, 12.4], "texture": "#2"},
				"up": {"uv": [3, 3, 13.4, 12.4], "rotation": 270, "texture": "#2"},
				"down": {"uv": [3, 3, 13.4, 12.4], "rotation": 90, "texture": "#2"}
			}
		},
		{
			"from": [8.62085, 2.40208, 4.70812],
			"to": [9.21285, 2.99408, 5.88812],
			"faces": {
				"north": {"uv": [3, 3, 13.4, 12.4], "texture": "#2"},
				"east": {"uv": [3, 3, 13.4, 12.4], "texture": "#2"},
				"south": {"uv": [3, 3, 13.4, 12.4], "texture": "#2"},
				"west": {"uv": [3, 3, 13.4, 12.4], "texture": "#2"},
				"up": {"uv": [3, 3, 13.4, 12.4], "rotation": 270, "texture": "#2"},
				"down": {"uv": [3, 3, 13.4, 12.4], "rotation": 90, "texture": "#2"}
			}
		},
		{
			"from": [3.23362, 4.3148, 4.31542],
			"to": [3.63855, 4.71973, 5.62254],
			"rotation": {"angle": 22.5, "axis": "z", "origin": [11.73711, 16.14882, 0.8039]},
			"faces": {
				"north": {"uv": [0, 0, 0.4, 0.4], "texture": "#1"},
				"east": {"uv": [0, 0, 0.4, 0.4], "texture": "#1"},
				"south": {"uv": [0, 0, 0.4, 0.4], "texture": "#1"},
				"west": {"uv": [0, 0, 0.4, 0.4], "texture": "#1"},
				"up": {"uv": [0, 0, 0.4, 0.4], "rotation": 270, "texture": "#1"},
				"down": {"uv": [0, 0, 0.4, 0.4], "rotation": 90, "texture": "#1"}
			}
		},
		{
			"from": [-2.60389, 4.31988, 4.3256],
			"to": [-2.19896, 4.7248, 5.63272],
			"rotation": {"angle": 45, "axis": "z", "origin": [5.8996, 16.1539, 0.81408]},
			"faces": {
				"north": {"uv": [0, 0, 0.4, 0.4], "texture": "#1"},
				"east": {"uv": [0, 0, 0.4, 0.4], "texture": "#1"},
				"south": {"uv": [0, 0, 0.4, 0.4], "texture": "#1"},
				"west": {"uv": [0, 0, 0.4, 0.4], "texture": "#1"},
				"up": {"uv": [0, 0, 0.4, 0.4], "rotation": 270, "texture": "#1"},
				"down": {"uv": [0, 0, 0.4, 0.4], "rotation": 90, "texture": "#1"}
			}
		},
		{
			"from": [11.93359, 5.42118, 4.3311],
			"to": [12.33852, 5.82611, 5.63822],
			"rotation": {"angle": -22.5, "axis": "z", "origin": [0.5045, 13.92467, 0.81958]},
			"faces": {
				"north": {"uv": [0, 0, 0.4, 0.4], "rotation": 90, "texture": "#1"},
				"east": {"uv": [0, 0, 0.4, 0.4], "rotation": 90, "texture": "#1"},
				"south": {"uv": [0, 0, 0.4, 0.4], "rotation": 90, "texture": "#1"},
				"west": {"uv": [0, 0, 0.4, 0.4], "rotation": 90, "texture": "#1"},
				"up": {"uv": [0, 0, 0.4, 0.4], "texture": "#1"},
				"down": {"uv": [0, 0, 0.4, 0.4], "rotation": 180, "texture": "#1"}
			}
		},
		{
			"from": [7.80225, 1.29703, 4.33109],
			"to": [8.20717, 1.70196, 5.63821],
			"faces": {
				"north": {"uv": [0, 0, 0.4, 0.4], "rotation": 90, "texture": "#1"},
				"east": {"uv": [0, 0, 0.4, 0.4], "rotation": 90, "texture": "#1"},
				"south": {"uv": [0, 0, 0.4, 0.4], "rotation": 90, "texture": "#1"},
				"west": {"uv": [0, 0, 0.4, 0.4], "rotation": 90, "texture": "#1"},
				"up": {"uv": [0, 0, 0.4, 0.4], "texture": "#1"},
				"down": {"uv": [0, 0, 0.4, 0.4], "rotation": 180, "texture": "#1"}
			}
		},
		{
			"from": [5.57332, -4.09806, 4.33139],
			"to": [5.97825, -3.69314, 5.63851],
			"rotation": {"angle": 22.5, "axis": "z", "origin": [-5.85577, 4.40542, 0.81987]},
			"faces": {
				"north": {"uv": [0, 0, 0.4, 0.4], "rotation": 90, "texture": "#1"},
				"east": {"uv": [0, 0, 0.4, 0.4], "rotation": 90, "texture": "#1"},
				"south": {"uv": [0, 0, 0.4, 0.4], "rotation": 90, "texture": "#1"},
				"west": {"uv": [0, 0, 0.4, 0.4], "rotation": 90, "texture": "#1"},
				"up": {"uv": [0, 0, 0.4, 0.4], "texture": "#1"},
				"down": {"uv": [0, 0, 0.4, 0.4], "rotation": 180, "texture": "#1"}
			}
		},
		{
			"from": [5.57869, -9.93547, 4.33175],
			"to": [5.98361, -9.53054, 5.63887],
			"rotation": {"angle": 45, "axis": "z", "origin": [-5.85041, -1.43198, 0.82023]},
			"faces": {
				"north": {"uv": [0, 0, 0.4, 0.4], "rotation": 90, "texture": "#1"},
				"east": {"uv": [0, 0, 0.4, 0.4], "rotation": 90, "texture": "#1"},
				"south": {"uv": [0, 0, 0.4, 0.4], "rotation": 90, "texture": "#1"},
				"west": {"uv": [0, 0, 0.4, 0.4], "rotation": 90, "texture": "#1"},
				"up": {"uv": [0, 0, 0.4, 0.4], "texture": "#1"},
				"down": {"uv": [0, 0, 0.4, 0.4], "rotation": 180, "texture": "#1"}
			}
		},
		{
			"from": [4.47737, 4.60202, 4.31844],
			"to": [4.88229, 5.00695, 5.62556],
			"rotation": {"angle": -22.5, "axis": "z", "origin": [-3.62119, -6.82707, 0.80692]},
			"faces": {
				"north": {"uv": [0, 0, 0.4, 0.4], "rotation": 180, "texture": "#1"},
				"east": {"uv": [0, 0, 0.4, 0.4], "rotation": 180, "texture": "#1"},
				"south": {"uv": [0, 0, 0.4, 0.4], "rotation": 180, "texture": "#1"},
				"west": {"uv": [0, 0, 0.4, 0.4], "rotation": 180, "texture": "#1"},
				"up": {"uv": [0, 0, 0.4, 0.4], "rotation": 90, "texture": "#1"},
				"down": {"uv": [0, 0, 0.4, 0.4], "rotation": 270, "texture": "#1"}
			}
		},
		{
			"from": [8.60878, 0.47816, 4.31876],
			"to": [9.01371, 0.88309, 5.62588],
			"faces": {
				"north": {"uv": [0, 0, 0.4, 0.4], "rotation": 180, "texture": "#1"},
				"east": {"uv": [0, 0, 0.4, 0.4], "rotation": 180, "texture": "#1"},
				"south": {"uv": [0, 0, 0.4, 0.4], "rotation": 180, "texture": "#1"},
				"west": {"uv": [0, 0, 0.4, 0.4], "rotation": 180, "texture": "#1"},
				"up": {"uv": [0, 0, 0.4, 0.4], "rotation": 90, "texture": "#1"},
				"down": {"uv": [0, 0, 0.4, 0.4], "rotation": 270, "texture": "#1"}
			}
		},
		{
			"from": [13.99999, -1.76045, 4.30545],
			"to": [14.40492, -1.35552, 5.61257],
			"rotation": {"angle": 22.5, "axis": "z", "origin": [5.90143, -13.18954, 0.79393]},
			"faces": {
				"north": {"uv": [0, 0, 0.4, 0.4], "rotation": 180, "texture": "#1"},
				"east": {"uv": [0, 0, 0.4, 0.4], "rotation": 180, "texture": "#1"},
				"south": {"uv": [0, 0, 0.4, 0.4], "rotation": 180, "texture": "#1"},
				"west": {"uv": [0, 0, 0.4, 0.4], "rotation": 180, "texture": "#1"},
				"up": {"uv": [0, 0, 0.4, 0.4], "rotation": 90, "texture": "#1"},
				"down": {"uv": [0, 0, 0.4, 0.4], "rotation": 270, "texture": "#1"}
			}
		},
		{
			"from": [19.83749, -1.76552, 4.29527],
			"to": [20.24242, -1.36059, 5.60239],
			"rotation": {"angle": 45, "axis": "z", "origin": [11.73893, -13.19461, 0.78375]},
			"faces": {
				"north": {"uv": [0, 0, 0.4, 0.4], "rotation": 180, "texture": "#1"},
				"east": {"uv": [0, 0, 0.4, 0.4], "rotation": 180, "texture": "#1"},
				"south": {"uv": [0, 0, 0.4, 0.4], "rotation": 180, "texture": "#1"},
				"west": {"uv": [0, 0, 0.4, 0.4], "rotation": 180, "texture": "#1"},
				"up": {"uv": [0, 0, 0.4, 0.4], "rotation": 90, "texture": "#1"},
				"down": {"uv": [0, 0, 0.4, 0.4], "rotation": 270, "texture": "#1"}
			}
		},
		{
			"from": [5.30002, -2.86683, 4.28977],
			"to": [5.70494, -2.4619, 5.59689],
			"rotation": {"angle": -22.5, "axis": "z", "origin": [17.13404, -10.96539, 0.77825]},
			"faces": {
				"north": {"uv": [0, 0, 0.4, 0.4], "rotation": 270, "texture": "#1"},
				"east": {"uv": [0, 0, 0.4, 0.4], "rotation": 270, "texture": "#1"},
				"south": {"uv": [0, 0, 0.4, 0.4], "rotation": 270, "texture": "#1"},
				"west": {"uv": [0, 0, 0.4, 0.4], "rotation": 270, "texture": "#1"},
				"up": {"uv": [0, 0, 0.4, 0.4], "rotation": 180, "texture": "#1"},
				"down": {"uv": [0, 0, 0.4, 0.4], "texture": "#1"}
			}
		},
		{
			"from": [9.42416, 1.26526, 4.29051],
			"to": [9.82909, 1.67018, 5.59763],
			"faces": {
				"north": {"uv": [0, 0, 0.4, 0.4], "rotation": 270, "texture": "#1"},
				"east": {"uv": [0, 0, 0.4, 0.4], "rotation": 270, "texture": "#1"},
				"south": {"uv": [0, 0, 0.4, 0.4], "rotation": 270, "texture": "#1"},
				"west": {"uv": [0, 0, 0.4, 0.4], "rotation": 270, "texture": "#1"},
				"up": {"uv": [0, 0, 0.4, 0.4], "rotation": 180, "texture": "#1"},
				"down": {"uv": [0, 0, 0.4, 0.4], "texture": "#1"}
			}
		},
		{
			"from": [11.66279, 6.65647, 4.29603],
			"to": [12.06772, 7.06139, 5.60315],
			"rotation": {"angle": 22.5, "axis": "z", "origin": [23.49681, -1.44209, 0.78451]},
			"faces": {
				"north": {"uv": [0, 0, 0.4, 0.4], "rotation": 270, "texture": "#1"},
				"east": {"uv": [0, 0, 0.4, 0.4], "rotation": 270, "texture": "#1"},
				"south": {"uv": [0, 0, 0.4, 0.4], "rotation": 270, "texture": "#1"},
				"west": {"uv": [0, 0, 0.4, 0.4], "rotation": 270, "texture": "#1"},
				"up": {"uv": [0, 0, 0.4, 0.4], "rotation": 180, "texture": "#1"},
				"down": {"uv": [0, 0, 0.4, 0.4], "texture": "#1"}
			}
		},
		{
			"from": [11.66788, 12.49397, 4.30623],
			"to": [12.07281, 12.8989, 5.61335],
			"rotation": {"angle": 45, "axis": "z", "origin": [23.5019, 4.39541, 0.79471]},
			"faces": {
				"north": {"uv": [0, 0, 0.4, 0.4], "rotation": 270, "texture": "#1"},
				"east": {"uv": [0, 0, 0.4, 0.4], "rotation": 270, "texture": "#1"},
				"south": {"uv": [0, 0, 0.4, 0.4], "rotation": 270, "texture": "#1"},
				"west": {"uv": [0, 0, 0.4, 0.4], "rotation": 270, "texture": "#1"},
				"up": {"uv": [0, 0, 0.4, 0.4], "rotation": 180, "texture": "#1"},
				"down": {"uv": [0, 0, 0.4, 0.4], "texture": "#1"}
			}
		},
		{
			"from": [12.7692, -2.04351, 4.31955],
			"to": [13.17413, -1.63858, 5.62667],
			"rotation": {"angle": -22.5, "axis": "z", "origin": [21.27269, 9.79051, 0.80803]},
			"faces": {
				"north": {"uv": [0, 0, 0.4, 0.4], "texture": "#1"},
				"east": {"uv": [0, 0, 0.4, 0.4], "texture": "#1"},
				"south": {"uv": [0, 0, 0.4, 0.4], "texture": "#1"},
				"west": {"uv": [0, 0, 0.4, 0.4], "texture": "#1"},
				"up": {"uv": [0, 0, 0.4, 0.4], "rotation": 270, "texture": "#1"},
				"down": {"uv": [0, 0, 0.4, 0.4], "rotation": 90, "texture": "#1"}
			}
		},
		{
			"from": [8.64506, 2.08782, 4.33395],
			"to": [9.04999, 2.49275, 5.64107],
			"faces": {
				"north": {"uv": [0, 0, 0.4, 0.4], "texture": "#1"},
				"east": {"uv": [0, 0, 0.4, 0.4], "texture": "#1"},
				"south": {"uv": [0, 0, 0.4, 0.4], "texture": "#1"},
				"west": {"uv": [0, 0, 0.4, 0.4], "texture": "#1"},
				"up": {"uv": [0, 0, 0.4, 0.4], "rotation": 270, "texture": "#1"},
				"down": {"uv": [0, 0, 0.4, 0.4], "rotation": 90, "texture": "#1"}
			}
		},
		{
			"from": [4.9678, 3.45019, 4.16166],
			"to": [5.24671, 3.72911, 5.19312],
			"rotation": {"angle": 22.5, "axis": "z", "origin": [10.825, 11.60147, 1.87404]},
			"faces": {
				"north": {"uv": [1, 0, 2.4, 1.4], "texture": "#3"},
				"east": {"uv": [1, 0, 2.4, 1.4], "texture": "#3"},
				"south": {"uv": [1, 0, 2.4, 1.4], "texture": "#3"},
				"west": {"uv": [1, 0, 2.4, 1.4], "texture": "#3"},
				"up": {"uv": [1, 0, 2.4, 1.4], "rotation": 270, "texture": "#3"},
				"down": {"uv": [1, 0, 2.4, 1.4], "rotation": 90, "texture": "#3"}
			}
		},
		{
			"from": [0.94692, 3.45369, 4.16867],
			"to": [1.22584, 3.7326, 5.20014],
			"rotation": {"angle": 45, "axis": "z", "origin": [6.80412, 11.60496, 1.88106]},
			"faces": {
				"north": {"uv": [1, 0, 2.4, 1.4], "texture": "#3"},
				"east": {"uv": [1, 0, 2.4, 1.4], "texture": "#3"},
				"south": {"uv": [1, 0, 2.4, 1.4], "texture": "#3"},
				"west": {"uv": [1, 0, 2.4, 1.4], "texture": "#3"},
				"up": {"uv": [1, 0, 2.4, 1.4], "rotation": 270, "texture": "#3"},
				"down": {"uv": [1, 0, 2.4, 1.4], "rotation": 90, "texture": "#3"}
			}
		},
		{
			"from": [10.96034, 4.21227, 4.17246],
			"to": [11.23925, 4.49118, 5.20393],
			"rotation": {"angle": -22.5, "axis": "z", "origin": [3.08798, 10.06947, 1.88485]},
			"faces": {
				"north": {"uv": [1, 0, 2.4, 1.4], "rotation": 90, "texture": "#3"},
				"east": {"uv": [1, 0, 2.4, 1.4], "rotation": 90, "texture": "#3"},
				"south": {"uv": [1, 0, 2.4, 1.4], "rotation": 90, "texture": "#3"},
				"west": {"uv": [1, 0, 2.4, 1.4], "rotation": 90, "texture": "#3"},
				"up": {"uv": [1, 0, 2.4, 1.4], "texture": "#3"},
				"down": {"uv": [1, 0, 2.4, 1.4], "rotation": 180, "texture": "#3"}
			}
		},
		{
			"from": [8.11467, 1.37155, 4.17245],
			"to": [8.39358, 1.65047, 5.20392],
			"faces": {
				"north": {"uv": [1, 0, 2.4, 1.4], "rotation": 90, "texture": "#3"},
				"east": {"uv": [1, 0, 2.4, 1.4], "rotation": 90, "texture": "#3"},
				"south": {"uv": [1, 0, 2.4, 1.4], "rotation": 90, "texture": "#3"},
				"west": {"uv": [1, 0, 2.4, 1.4], "rotation": 90, "texture": "#3"},
				"up": {"uv": [1, 0, 2.4, 1.4], "texture": "#3"},
				"down": {"uv": [1, 0, 2.4, 1.4], "rotation": 180, "texture": "#3"}
			}
		},
		{
			"from": [6.57939, -2.34459, 4.17266],
			"to": [6.8583, -2.06567, 5.20412],
			"rotation": {"angle": 22.5, "axis": "z", "origin": [-1.29297, 3.51262, 1.88504]},
			"faces": {
				"north": {"uv": [1, 0, 2.4, 1.4], "rotation": 90, "texture": "#3"},
				"east": {"uv": [1, 0, 2.4, 1.4], "rotation": 90, "texture": "#3"},
				"south": {"uv": [1, 0, 2.4, 1.4], "rotation": 90, "texture": "#3"},
				"west": {"uv": [1, 0, 2.4, 1.4], "rotation": 90, "texture": "#3"},
				"up": {"uv": [1, 0, 2.4, 1.4], "texture": "#3"},
				"down": {"uv": [1, 0, 2.4, 1.4], "rotation": 180, "texture": "#3"}
			}
		},
		{
			"from": [6.58308, -6.36539, 4.17291],
			"to": [6.86199, -6.08647, 5.20438],
			"rotation": {"angle": 45, "axis": "z", "origin": [-1.28928, -0.50819, 1.8853]},
			"faces": {
				"north": {"uv": [1, 0, 2.4, 1.4], "rotation": 90, "texture": "#3"},
				"east": {"uv": [1, 0, 2.4, 1.4], "rotation": 90, "texture": "#3"},
				"south": {"uv": [1, 0, 2.4, 1.4], "rotation": 90, "texture": "#3"},
				"west": {"uv": [1, 0, 2.4, 1.4], "rotation": 90, "texture": "#3"},
				"up": {"uv": [1, 0, 2.4, 1.4], "texture": "#3"},
				"down": {"uv": [1, 0, 2.4, 1.4], "rotation": 180, "texture": "#3"}
			}
		},
		{
			"from": [5.82449, 3.64803, 4.16374],
			"to": [6.1034, 3.92695, 5.1952],
			"rotation": {"angle": -22.5, "axis": "z", "origin": [0.2462, -4.22433, 1.87612]},
			"faces": {
				"north": {"uv": [1, 0, 2.4, 1.4], "rotation": 180, "texture": "#3"},
				"east": {"uv": [1, 0, 2.4, 1.4], "rotation": 180, "texture": "#3"},
				"south": {"uv": [1, 0, 2.4, 1.4], "rotation": 180, "texture": "#3"},
				"west": {"uv": [1, 0, 2.4, 1.4], "rotation": 180, "texture": "#3"},
				"up": {"uv": [1, 0, 2.4, 1.4], "rotation": 90, "texture": "#3"},
				"down": {"uv": [1, 0, 2.4, 1.4], "rotation": 270, "texture": "#3"}
			}
		},
		{
			"from": [8.67021, 0.80752, 4.16396],
			"to": [8.94912, 1.08643, 5.19543],
			"faces": {
				"north": {"uv": [1, 0, 2.4, 1.4], "rotation": 180, "texture": "#3"},
				"east": {"uv": [1, 0, 2.4, 1.4], "rotation": 180, "texture": "#3"},
				"south": {"uv": [1, 0, 2.4, 1.4], "rotation": 180, "texture": "#3"},
				"west": {"uv": [1, 0, 2.4, 1.4], "rotation": 180, "texture": "#3"},
				"up": {"uv": [1, 0, 2.4, 1.4], "rotation": 90, "texture": "#3"},
				"down": {"uv": [1, 0, 2.4, 1.4], "rotation": 270, "texture": "#3"}
			}
		},
		{
			"from": [12.38367, -0.73444, 4.1548],
			"to": [12.66259, -0.45552, 5.18626],
			"rotation": {"angle": 22.5, "axis": "z", "origin": [6.80538, -8.60679, 1.86718]},
			"faces": {
				"north": {"uv": [1, 0, 2.4, 1.4], "rotation": 180, "texture": "#3"},
				"east": {"uv": [1, 0, 2.4, 1.4], "rotation": 180, "texture": "#3"},
				"south": {"uv": [1, 0, 2.4, 1.4], "rotation": 180, "texture": "#3"},
				"west": {"uv": [1, 0, 2.4, 1.4], "rotation": 180, "texture": "#3"},
				"up": {"uv": [1, 0, 2.4, 1.4], "rotation": 90, "texture": "#3"},
				"down": {"uv": [1, 0, 2.4, 1.4], "rotation": 270, "texture": "#3"}
			}
		},
		{
			"from": [16.40455, -0.73793, 4.14779],
			"to": [16.68346, -0.45902, 5.17925],
			"rotation": {"angle": 45, "axis": "z", "origin": [10.82626, -8.61029, 1.86017]},
			"faces": {
				"north": {"uv": [1, 0, 2.4, 1.4], "rotation": 180, "texture": "#3"},
				"east": {"uv": [1, 0, 2.4, 1.4], "rotation": 180, "texture": "#3"},
				"south": {"uv": [1, 0, 2.4, 1.4], "rotation": 180, "texture": "#3"},
				"west": {"uv": [1, 0, 2.4, 1.4], "rotation": 180, "texture": "#3"},
				"up": {"uv": [1, 0, 2.4, 1.4], "rotation": 90, "texture": "#3"},
				"down": {"uv": [1, 0, 2.4, 1.4], "rotation": 270, "texture": "#3"}
			}
		},
		{
			"from": [6.39113, -1.49651, 4.144],
			"to": [6.67005, -1.2176, 5.17546],
			"rotation": {"angle": -22.5, "axis": "z", "origin": [14.54241, -7.0748, 1.85638]},
			"faces": {
				"north": {"uv": [1, 0, 2.4, 1.4], "rotation": 270, "texture": "#3"},
				"east": {"uv": [1, 0, 2.4, 1.4], "rotation": 270, "texture": "#3"},
				"south": {"uv": [1, 0, 2.4, 1.4], "rotation": 270, "texture": "#3"},
				"west": {"uv": [1, 0, 2.4, 1.4], "rotation": 270, "texture": "#3"},
				"up": {"uv": [1, 0, 2.4, 1.4], "rotation": 180, "texture": "#3"},
				"down": {"uv": [1, 0, 2.4, 1.4], "texture": "#3"}
			}
		},
		{
			"from": [9.23184, 1.34967, 4.1445],
			"to": [9.51076, 1.62858, 5.17596],
			"faces": {
				"north": {"uv": [1, 0, 2.4, 1.4], "rotation": 270, "texture": "#3"},
				"east": {"uv": [1, 0, 2.4, 1.4], "rotation": 270, "texture": "#3"},
				"south": {"uv": [1, 0, 2.4, 1.4], "rotation": 270, "texture": "#3"},
				"west": {"uv": [1, 0, 2.4, 1.4], "rotation": 270, "texture": "#3"},
				"up": {"uv": [1, 0, 2.4, 1.4], "rotation": 180, "texture": "#3"},
				"down": {"uv": [1, 0, 2.4, 1.4], "texture": "#3"}
			}
		},
		{
			"from": [10.77381, 5.06313, 4.14831],
			"to": [11.05272, 5.34205, 5.17977],
			"rotation": {"angle": 22.5, "axis": "z", "origin": [18.92508, -0.51515, 1.86069]},
			"faces": {
				"north": {"uv": [1, 0, 2.4, 1.4], "rotation": 270, "texture": "#3"},
				"east": {"uv": [1, 0, 2.4, 1.4], "rotation": 270, "texture": "#3"},
				"south": {"uv": [1, 0, 2.4, 1.4], "rotation": 270, "texture": "#3"},
				"west": {"uv": [1, 0, 2.4, 1.4], "rotation": 270, "texture": "#3"},
				"up": {"uv": [1, 0, 2.4, 1.4], "rotation": 180, "texture": "#3"},
				"down": {"uv": [1, 0, 2.4, 1.4], "texture": "#3"}
			}
		},
		{
			"from": [10.77732, 9.08401, 4.15533],
			"to": [11.05623, 9.36292, 5.18679],
			"rotation": {"angle": 45, "axis": "z", "origin": [18.92859, 3.50572, 1.86772]},
			"faces": {
				"north": {"uv": [1, 0, 2.4, 1.4], "rotation": 270, "texture": "#3"},
				"east": {"uv": [1, 0, 2.4, 1.4], "rotation": 270, "texture": "#3"},
				"south": {"uv": [1, 0, 2.4, 1.4], "rotation": 270, "texture": "#3"},
				"west": {"uv": [1, 0, 2.4, 1.4], "rotation": 270, "texture": "#3"},
				"up": {"uv": [1, 0, 2.4, 1.4], "rotation": 180, "texture": "#3"},
				"down": {"uv": [1, 0, 2.4, 1.4], "texture": "#3"}
			}
		},
		{
			"from": [11.53591, -0.92941, 4.1645],
			"to": [11.81482, -0.6505, 5.19597],
			"rotation": {"angle": -22.5, "axis": "z", "origin": [17.39311, 7.22186, 1.87689]},
			"faces": {
				"north": {"uv": [1, 0, 2.4, 1.4], "texture": "#3"},
				"east": {"uv": [1, 0, 2.4, 1.4], "texture": "#3"},
				"south": {"uv": [1, 0, 2.4, 1.4], "texture": "#3"},
				"west": {"uv": [1, 0, 2.4, 1.4], "texture": "#3"},
				"up": {"uv": [1, 0, 2.4, 1.4], "rotation": 270, "texture": "#3"},
				"down": {"uv": [1, 0, 2.4, 1.4], "rotation": 90, "texture": "#3"}
			}
		},
		{
			"from": [8.6952, 1.91625, 4.17443],
			"to": [8.97411, 2.19516, 5.20589],
			"faces": {
				"north": {"uv": [1, 0, 2.4, 1.4], "texture": "#3"},
				"east": {"uv": [1, 0, 2.4, 1.4], "texture": "#3"},
				"south": {"uv": [1, 0, 2.4, 1.4], "texture": "#3"},
				"west": {"uv": [1, 0, 2.4, 1.4], "texture": "#3"},
				"up": {"uv": [1, 0, 2.4, 1.4], "rotation": 270, "texture": "#3"},
				"down": {"uv": [1, 0, 2.4, 1.4], "rotation": 90, "texture": "#3"}
			}
		},
		{
			"from": [8.38, 1.04, 4.18],
			"to": [9.22, 1.98, 5.02],
			"faces": {
				"north": {"uv": [14.6, 0, 16, 16], "texture": "#4"},
				"east": {"uv": [14.6, 0, 16, 16], "texture": "#3"},
				"south": {"uv": [14.6, 0, 16, 16], "texture": "#3"},
				"west": {"uv": [14.6, 0, 16, 16], "texture": "#3"},
				"up": {"uv": [14.6, 0, 16, 16], "rotation": 270, "texture": "#3"},
				"down": {"uv": [14.6, 0, 16, 16], "rotation": 90, "texture": "#3"}
			}
		},
		{
			"from": [3.23362, 4.3148, 10.37746],
			"to": [3.63855, 4.71973, 11.68458],
			"rotation": {"angle": 22.5, "axis": "z", "origin": [11.73711, 16.14882, 15.1961]},
			"faces": {
				"north": {"uv": [0.4, 0, 0, 0.4], "texture": "#1"},
				"east": {"uv": [0.4, 0, 0, 0.4], "texture": "#1"},
				"south": {"uv": [0.4, 0, 0, 0.4], "texture": "#1"},
				"west": {"uv": [0.4, 0, 0, 0.4], "texture": "#1"},
				"up": {"uv": [0.4, 0, 0, 0.4], "rotation": 270, "texture": "#1"},
				"down": {"uv": [0.4, 0, 0, 0.4], "rotation": 90, "texture": "#1"}
			}
		},
		{
			"from": [-2.60389, 4.31988, 10.36728],
			"to": [-2.19896, 4.7248, 11.6744],
			"rotation": {"angle": 45, "axis": "z", "origin": [5.8996, 16.1539, 15.18592]},
			"faces": {
				"north": {"uv": [0.4, 0, 0, 0.4], "texture": "#1"},
				"east": {"uv": [0.4, 0, 0, 0.4], "texture": "#1"},
				"south": {"uv": [0.4, 0, 0, 0.4], "texture": "#1"},
				"west": {"uv": [0.4, 0, 0, 0.4], "texture": "#1"},
				"up": {"uv": [0.4, 0, 0, 0.4], "rotation": 270, "texture": "#1"},
				"down": {"uv": [0.4, 0, 0, 0.4], "rotation": 90, "texture": "#1"}
			}
		},
		{
			"from": [11.93359, 5.42118, 10.36178],
			"to": [12.33852, 5.82611, 11.6689],
			"rotation": {"angle": -22.5, "axis": "z", "origin": [0.5045, 13.92467, 15.18042]},
			"faces": {
				"north": {"uv": [0, 0.4, 0.4, 0], "rotation": 90, "texture": "#1"},
				"east": {"uv": [0, 0.4, 0.4, 0], "rotation": 90, "texture": "#1"},
				"south": {"uv": [0, 0.4, 0.4, 0], "rotation": 90, "texture": "#1"},
				"west": {"uv": [0, 0.4, 0.4, 0], "rotation": 90, "texture": "#1"},
				"up": {"uv": [0, 0.4, 0.4, 0], "texture": "#1"},
				"down": {"uv": [0, 0.4, 0.4, 0], "rotation": 180, "texture": "#1"}
			}
		},
		{
			"from": [7.80225, 1.29703, 10.36179],
			"to": [8.20717, 1.70196, 11.66891],
			"faces": {
				"north": {"uv": [0, 0.4, 0.4, 0], "rotation": 90, "texture": "#1"},
				"east": {"uv": [0, 0.4, 0.4, 0], "rotation": 90, "texture": "#1"},
				"south": {"uv": [0, 0.4, 0.4, 0], "rotation": 90, "texture": "#1"},
				"west": {"uv": [0, 0.4, 0.4, 0], "rotation": 90, "texture": "#1"},
				"up": {"uv": [0, 0.4, 0.4, 0], "texture": "#1"},
				"down": {"uv": [0, 0.4, 0.4, 0], "rotation": 180, "texture": "#1"}
			}
		},
		{
			"from": [5.57332, -4.09806, 10.36149],
			"to": [5.97825, -3.69314, 11.66861],
			"rotation": {"angle": 22.5, "axis": "z", "origin": [-5.85577, 4.40542, 15.18013]},
			"faces": {
				"north": {"uv": [0, 0.4, 0.4, 0], "rotation": 90, "texture": "#1"},
				"east": {"uv": [0, 0.4, 0.4, 0], "rotation": 90, "texture": "#1"},
				"south": {"uv": [0, 0.4, 0.4, 0], "rotation": 90, "texture": "#1"},
				"west": {"uv": [0, 0.4, 0.4, 0], "rotation": 90, "texture": "#1"},
				"up": {"uv": [0, 0.4, 0.4, 0], "texture": "#1"},
				"down": {"uv": [0, 0.4, 0.4, 0], "rotation": 180, "texture": "#1"}
			}
		},
		{
			"from": [5.57869, -9.93547, 10.36113],
			"to": [5.98361, -9.53054, 11.66825],
			"rotation": {"angle": 45, "axis": "z", "origin": [-5.85041, -1.43198, 15.17977]},
			"faces": {
				"north": {"uv": [0, 0.4, 0.4, 0], "rotation": 90, "texture": "#1"},
				"east": {"uv": [0, 0.4, 0.4, 0], "rotation": 90, "texture": "#1"},
				"south": {"uv": [0, 0.4, 0.4, 0], "rotation": 90, "texture": "#1"},
				"west": {"uv": [0, 0.4, 0.4, 0], "rotation": 90, "texture": "#1"},
				"up": {"uv": [0, 0.4, 0.4, 0], "texture": "#1"},
				"down": {"uv": [0, 0.4, 0.4, 0], "rotation": 180, "texture": "#1"}
			}
		},
		{
			"from": [4.47737, 4.60202, 10.37444],
			"to": [4.88229, 5.00695, 11.68156],
			"rotation": {"angle": -22.5, "axis": "z", "origin": [-3.62119, -6.82707, 15.19308]},
			"faces": {
				"north": {"uv": [0.4, 0, 0, 0.4], "rotation": 180, "texture": "#1"},
				"east": {"uv": [0.4, 0, 0, 0.4], "rotation": 180, "texture": "#1"},
				"south": {"uv": [0.4, 0, 0, 0.4], "rotation": 180, "texture": "#1"},
				"west": {"uv": [0.4, 0, 0, 0.4], "rotation": 180, "texture": "#1"},
				"up": {"uv": [0.4, 0, 0, 0.4], "rotation": 90, "texture": "#1"},
				"down": {"uv": [0.4, 0, 0, 0.4], "rotation": 270, "texture": "#1"}
			}
		},
		{
			"from": [8.60878, 0.47816, 10.37412],
			"to": [9.01371, 0.88309, 11.68124],
			"faces": {
				"north": {"uv": [0.4, 0, 0, 0.4], "rotation": 180, "texture": "#1"},
				"east": {"uv": [0.4, 0, 0, 0.4], "rotation": 180, "texture": "#1"},
				"south": {"uv": [0.4, 0, 0, 0.4], "rotation": 180, "texture": "#1"},
				"west": {"uv": [0.4, 0, 0, 0.4], "rotation": 180, "texture": "#1"},
				"up": {"uv": [0.4, 0, 0, 0.4], "rotation": 90, "texture": "#1"},
				"down": {"uv": [0.4, 0, 0, 0.4], "rotation": 270, "texture": "#1"}
			}
		},
		{
			"from": [13.99999, -1.76045, 10.38743],
			"to": [14.40492, -1.35552, 11.69455],
			"rotation": {"angle": 22.5, "axis": "z", "origin": [5.90143, -13.18954, 15.20607]},
			"faces": {
				"north": {"uv": [0.4, 0, 0, 0.4], "rotation": 180, "texture": "#1"},
				"east": {"uv": [0.4, 0, 0, 0.4], "rotation": 180, "texture": "#1"},
				"south": {"uv": [0.4, 0, 0, 0.4], "rotation": 180, "texture": "#1"},
				"west": {"uv": [0.4, 0, 0, 0.4], "rotation": 180, "texture": "#1"},
				"up": {"uv": [0.4, 0, 0, 0.4], "rotation": 90, "texture": "#1"},
				"down": {"uv": [0.4, 0, 0, 0.4], "rotation": 270, "texture": "#1"}
			}
		},
		{
			"from": [19.83749, -1.76552, 10.39761],
			"to": [20.24242, -1.36059, 11.70473],
			"rotation": {"angle": 45, "axis": "z", "origin": [11.73893, -13.19461, 15.21625]},
			"faces": {
				"north": {"uv": [0.4, 0, 0, 0.4], "rotation": 180, "texture": "#1"},
				"east": {"uv": [0.4, 0, 0, 0.4], "rotation": 180, "texture": "#1"},
				"south": {"uv": [0.4, 0, 0, 0.4], "rotation": 180, "texture": "#1"},
				"west": {"uv": [0.4, 0, 0, 0.4], "rotation": 180, "texture": "#1"},
				"up": {"uv": [0.4, 0, 0, 0.4], "rotation": 90, "texture": "#1"},
				"down": {"uv": [0.4, 0, 0, 0.4], "rotation": 270, "texture": "#1"}
			}
		},
		{
			"from": [5.30002, -2.86683, 10.40311],
			"to": [5.70494, -2.4619, 11.71023],
			"rotation": {"angle": -22.5, "axis": "z", "origin": [17.13404, -10.96539, 15.22175]},
			"faces": {
				"north": {"uv": [0, 0.4, 0.4, 0], "rotation": 270, "texture": "#1"},
				"east": {"uv": [0, 0.4, 0.4, 0], "rotation": 270, "texture": "#1"},
				"south": {"uv": [0, 0.4, 0.4, 0], "rotation": 270, "texture": "#1"},
				"west": {"uv": [0, 0.4, 0.4, 0], "rotation": 270, "texture": "#1"},
				"up": {"uv": [0, 0.4, 0.4, 0], "rotation": 180, "texture": "#1"},
				"down": {"uv": [0, 0.4, 0.4, 0], "texture": "#1"}
			}
		},
		{
			"from": [9.42416, 1.26526, 10.40237],
			"to": [9.82909, 1.67018, 11.70949],
			"faces": {
				"north": {"uv": [0, 0.4, 0.4, 0], "rotation": 270, "texture": "#1"},
				"east": {"uv": [0, 0.4, 0.4, 0], "rotation": 270, "texture": "#1"},
				"south": {"uv": [0, 0.4, 0.4, 0], "rotation": 270, "texture": "#1"},
				"west": {"uv": [0, 0.4, 0.4, 0], "rotation": 270, "texture": "#1"},
				"up": {"uv": [0, 0.4, 0.4, 0], "rotation": 180, "texture": "#1"},
				"down": {"uv": [0, 0.4, 0.4, 0], "texture": "#1"}
			}
		},
		{
			"from": [11.66279, 6.65647, 10.39685],
			"to": [12.06772, 7.06139, 11.70397],
			"rotation": {"angle": 22.5, "axis": "z", "origin": [23.49681, -1.44209, 15.21549]},
			"faces": {
				"north": {"uv": [0, 0.4, 0.4, 0], "rotation": 270, "texture": "#1"},
				"east": {"uv": [0, 0.4, 0.4, 0], "rotation": 270, "texture": "#1"},
				"south": {"uv": [0, 0.4, 0.4, 0], "rotation": 270, "texture": "#1"},
				"west": {"uv": [0, 0.4, 0.4, 0], "rotation": 270, "texture": "#1"},
				"up": {"uv": [0, 0.4, 0.4, 0], "rotation": 180, "texture": "#1"},
				"down": {"uv": [0, 0.4, 0.4, 0], "texture": "#1"}
			}
		},
		{
			"from": [11.66788, 12.49397, 10.38665],
			"to": [12.07281, 12.8989, 11.69377],
			"rotation": {"angle": 45, "axis": "z", "origin": [23.5019, 4.39541, 15.20529]},
			"faces": {
				"north": {"uv": [0, 0.4, 0.4, 0], "rotation": 270, "texture": "#1"},
				"east": {"uv": [0, 0.4, 0.4, 0], "rotation": 270, "texture": "#1"},
				"south": {"uv": [0, 0.4, 0.4, 0], "rotation": 270, "texture": "#1"},
				"west": {"uv": [0, 0.4, 0.4, 0], "rotation": 270, "texture": "#1"},
				"up": {"uv": [0, 0.4, 0.4, 0], "rotation": 180, "texture": "#1"},
				"down": {"uv": [0, 0.4, 0.4, 0], "texture": "#1"}
			}
		},
		{
			"from": [12.7692, -2.04351, 10.37333],
			"to": [13.17413, -1.63858, 11.68045],
			"rotation": {"angle": -22.5, "axis": "z", "origin": [21.27269, 9.79051, 15.19197]},
			"faces": {
				"north": {"uv": [0.4, 0, 0, 0.4], "texture": "#1"},
				"east": {"uv": [0.4, 0, 0, 0.4], "texture": "#1"},
				"south": {"uv": [0.4, 0, 0, 0.4], "texture": "#1"},
				"west": {"uv": [0.4, 0, 0, 0.4], "texture": "#1"},
				"up": {"uv": [0.4, 0, 0, 0.4], "rotation": 270, "texture": "#1"},
				"down": {"uv": [0.4, 0, 0, 0.4], "rotation": 90, "texture": "#1"}
			}
		},
		{
			"from": [8.64506, 2.08782, 10.35893],
			"to": [9.04999, 2.49275, 11.66605],
			"faces": {
				"north": {"uv": [0.4, 0, 0, 0.4], "texture": "#1"},
				"east": {"uv": [0.4, 0, 0, 0.4], "texture": "#1"},
				"south": {"uv": [0.4, 0, 0, 0.4], "texture": "#1"},
				"west": {"uv": [0.4, 0, 0, 0.4], "texture": "#1"},
				"up": {"uv": [0.4, 0, 0, 0.4], "rotation": 270, "texture": "#1"},
				"down": {"uv": [0.4, 0, 0, 0.4], "rotation": 90, "texture": "#1"}
			}
		},
		{
			"from": [4.9678, 3.45019, 10.80688],
			"to": [5.24671, 3.72911, 11.83834],
			"rotation": {"angle": 22.5, "axis": "z", "origin": [10.825, 11.60147, 14.12596]},
			"faces": {
				"north": {"uv": [1, 0, 2.4, 0.4], "texture": "#3"},
				"east": {"uv": [1, 0, 2.4, 0.4], "texture": "#3"},
				"south": {"uv": [1, 0, 2.4, 0.4], "texture": "#3"},
				"west": {"uv": [1, 0, 2.4, 0.4], "texture": "#3"},
				"up": {"uv": [1, 0, 2.4, 0.4], "rotation": 270, "texture": "#3"},
				"down": {"uv": [1, 0, 2.4, 0.4], "rotation": 90, "texture": "#3"}
			}
		},
		{
			"from": [0.94692, 3.45369, 10.79986],
			"to": [1.22584, 3.7326, 11.83133],
			"rotation": {"angle": 45, "axis": "z", "origin": [6.80412, 11.60496, 14.11894]},
			"faces": {
				"north": {"uv": [1, 0, 2.4, 0.4], "texture": "#3"},
				"east": {"uv": [1, 0, 2.4, 0.4], "texture": "#3"},
				"south": {"uv": [1, 0, 2.4, 0.4], "texture": "#3"},
				"west": {"uv": [1, 0, 2.4, 0.4], "texture": "#3"},
				"up": {"uv": [1, 0, 2.4, 0.4], "rotation": 270, "texture": "#3"},
				"down": {"uv": [1, 0, 2.4, 0.4], "rotation": 90, "texture": "#3"}
			}
		},
		{
			"from": [10.96034, 4.21227, 10.79607],
			"to": [11.23925, 4.49118, 11.82754],
			"rotation": {"angle": -22.5, "axis": "z", "origin": [3.08798, 10.06947, 14.11515]},
			"faces": {
				"north": {"uv": [1, 0, 2.4, 0.4], "texture": "#3"},
				"east": {"uv": [1, 0, 2.4, 0.4], "texture": "#3"},
				"south": {"uv": [1, 0, 2.4, 0.4], "texture": "#3"},
				"west": {"uv": [1, 0, 2.4, 0.4], "texture": "#3"},
				"up": {"uv": [1, 0, 2.4, 0.4], "rotation": 270, "texture": "#3"},
				"down": {"uv": [1, 0, 2.4, 0.4], "rotation": 90, "texture": "#3"}
			}
		},
		{
			"from": [8.11467, 1.37155, 10.79608],
			"to": [8.39358, 1.65047, 11.82755],
			"faces": {
				"north": {"uv": [1, 0, 2.4, 0.4], "texture": "#3"},
				"east": {"uv": [1, 0, 2.4, 0.4], "texture": "#3"},
				"south": {"uv": [1, 0, 2.4, 0.4], "texture": "#3"},
				"west": {"uv": [1, 0, 2.4, 0.4], "texture": "#3"},
				"up": {"uv": [1, 0, 2.4, 0.4], "rotation": 270, "texture": "#3"},
				"down": {"uv": [1, 0, 2.4, 0.4], "rotation": 90, "texture": "#3"}
			}
		},
		{
			"from": [6.57939, -2.34459, 10.79588],
			"to": [6.8583, -2.06567, 11.82734],
			"rotation": {"angle": 22.5, "axis": "z", "origin": [-1.29297, 3.51262, 14.11496]},
			"faces": {
				"north": {"uv": [1, 0, 2.4, 0.4], "texture": "#3"},
				"east": {"uv": [1, 0, 2.4, 0.4], "texture": "#3"},
				"south": {"uv": [1, 0, 2.4, 0.4], "texture": "#3"},
				"west": {"uv": [1, 0, 2.4, 0.4], "texture": "#3"},
				"up": {"uv": [1, 0, 2.4, 0.4], "rotation": 270, "texture": "#3"},
				"down": {"uv": [1, 0, 2.4, 0.4], "rotation": 90, "texture": "#3"}
			}
		},
		{
			"from": [6.58308, -6.36539, 10.79562],
			"to": [6.86199, -6.08647, 11.82709],
			"rotation": {"angle": 45, "axis": "z", "origin": [-1.28928, -0.50819, 14.1147]},
			"faces": {
				"north": {"uv": [1, 0, 2.4, 0.4], "texture": "#3"},
				"east": {"uv": [1, 0, 2.4, 0.4], "texture": "#3"},
				"south": {"uv": [1, 0, 2.4, 0.4], "texture": "#3"},
				"west": {"uv": [1, 0, 2.4, 0.4], "texture": "#3"},
				"up": {"uv": [1, 0, 2.4, 0.4], "rotation": 270, "texture": "#3"},
				"down": {"uv": [1, 0, 2.4, 0.4], "rotation": 90, "texture": "#3"}
			}
		},
		{
			"from": [5.82449, 3.64803, 10.8048],
			"to": [6.1034, 3.92695, 11.83626],
			"rotation": {"angle": -22.5, "axis": "z", "origin": [0.2462, -4.22433, 14.12388]},
			"faces": {
				"north": {"uv": [1, 0, 2.4, 0.4], "texture": "#3"},
				"east": {"uv": [1, 0, 2.4, 0.4], "texture": "#3"},
				"south": {"uv": [1, 0, 2.4, 0.4], "texture": "#3"},
				"west": {"uv": [1, 0, 2.4, 0.4], "texture": "#3"},
				"up": {"uv": [1, 0, 2.4, 0.4], "rotation": 270, "texture": "#3"},
				"down": {"uv": [1, 0, 2.4, 0.4], "rotation": 90, "texture": "#3"}
			}
		},
		{
			"from": [8.67021, 0.80752, 10.80457],
			"to": [8.94912, 1.08643, 11.83604],
			"faces": {
				"north": {"uv": [1, 0, 2.4, 0.4], "texture": "#3"},
				"east": {"uv": [1, 0, 2.4, 0.4], "texture": "#3"},
				"south": {"uv": [1, 0, 2.4, 0.4], "texture": "#3"},
				"west": {"uv": [1, 0, 2.4, 0.4], "texture": "#3"},
				"up": {"uv": [1, 0, 2.4, 0.4], "rotation": 270, "texture": "#3"},
				"down": {"uv": [1, 0, 2.4, 0.4], "rotation": 90, "texture": "#3"}
			}
		},
		{
			"from": [12.38367, -0.73444, 10.81374],
			"to": [12.66259, -0.45552, 11.8452],
			"rotation": {"angle": 22.5, "axis": "z", "origin": [6.80538, -8.60679, 14.13282]},
			"faces": {
				"north": {"uv": [1, 0, 2.4, 0.4], "texture": "#3"},
				"east": {"uv": [1, 0, 2.4, 0.4], "texture": "#3"},
				"south": {"uv": [1, 0, 2.4, 0.4], "texture": "#3"},
				"west": {"uv": [1, 0, 2.4, 0.4], "texture": "#3"},
				"up": {"uv": [1, 0, 2.4, 0.4], "rotation": 270, "texture": "#3"},
				"down": {"uv": [1, 0, 2.4, 0.4], "rotation": 90, "texture": "#3"}
			}
		},
		{
			"from": [16.40455, -0.73793, 10.82075],
			"to": [16.68346, -0.45902, 11.85221],
			"rotation": {"angle": 45, "axis": "z", "origin": [10.82626, -8.61029, 14.13983]},
			"faces": {
				"north": {"uv": [1, 0, 2.4, 0.4], "texture": "#3"},
				"east": {"uv": [1, 0, 2.4, 0.4], "texture": "#3"},
				"south": {"uv": [1, 0, 2.4, 0.4], "texture": "#3"},
				"west": {"uv": [1, 0, 2.4, 0.4], "texture": "#3"},
				"up": {"uv": [1, 0, 2.4, 0.4], "rotation": 270, "texture": "#3"},
				"down": {"uv": [1, 0, 2.4, 0.4], "rotation": 90, "texture": "#3"}
			}
		},
		{
			"from": [6.39113, -1.49651, 10.82454],
			"to": [6.67005, -1.2176, 11.856],
			"rotation": {"angle": -22.5, "axis": "z", "origin": [14.54241, -7.0748, 14.14362]},
			"faces": {
				"north": {"uv": [1, 0, 2.4, 0.4], "texture": "#3"},
				"east": {"uv": [1, 0, 2.4, 0.4], "texture": "#3"},
				"south": {"uv": [1, 0, 2.4, 0.4], "texture": "#3"},
				"west": {"uv": [1, 0, 2.4, 0.4], "texture": "#3"},
				"up": {"uv": [1, 0, 2.4, 0.4], "rotation": 270, "texture": "#3"},
				"down": {"uv": [1, 0, 2.4, 0.4], "rotation": 90, "texture": "#3"}
			}
		},
		{
			"from": [9.23184, 1.34967, 10.82404],
			"to": [9.51076, 1.62858, 11.8555],
			"faces": {
				"north": {"uv": [1, 0, 2.4, 0.4], "texture": "#3"},
				"east": {"uv": [1, 0, 2.4, 0.4], "texture": "#3"},
				"south": {"uv": [1, 0, 2.4, 0.4], "texture": "#3"},
				"west": {"uv": [1, 0, 2.4, 0.4], "texture": "#3"},
				"up": {"uv": [1, 0, 2.4, 0.4], "rotation": 270, "texture": "#3"},
				"down": {"uv": [1, 0, 2.4, 0.4], "rotation": 90, "texture": "#3"}
			}
		},
		{
			"from": [10.77381, 5.06313, 10.82023],
			"to": [11.05272, 5.34205, 11.85169],
			"rotation": {"angle": 22.5, "axis": "z", "origin": [18.92508, -0.51515, 14.13931]},
			"faces": {
				"north": {"uv": [1, 0, 2.4, 0.4], "texture": "#3"},
				"east": {"uv": [1, 0, 2.4, 0.4], "texture": "#3"},
				"south": {"uv": [1, 0, 2.4, 0.4], "texture": "#3"},
				"west": {"uv": [1, 0, 2.4, 0.4], "texture": "#3"},
				"up": {"uv": [1, 0, 2.4, 0.4], "rotation": 270, "texture": "#3"},
				"down": {"uv": [1, 0, 2.4, 0.4], "rotation": 90, "texture": "#3"}
			}
		},
		{
			"from": [10.77732, 9.08401, 10.81321],
			"to": [11.05623, 9.36292, 11.84467],
			"rotation": {"angle": 45, "axis": "z", "origin": [18.92859, 3.50572, 14.13228]},
			"faces": {
				"north": {"uv": [1, 0, 2.4, 0.4], "texture": "#3"},
				"east": {"uv": [1, 0, 2.4, 0.4], "texture": "#3"},
				"south": {"uv": [1, 0, 2.4, 0.4], "texture": "#3"},
				"west": {"uv": [1, 0, 2.4, 0.4], "texture": "#3"},
				"up": {"uv": [1, 0, 2.4, 0.4], "rotation": 270, "texture": "#3"},
				"down": {"uv": [1, 0, 2.4, 0.4], "rotation": 90, "texture": "#3"}
			}
		},
		{
			"from": [11.53591, -0.92941, 10.80403],
			"to": [11.81482, -0.6505, 11.8355],
			"rotation": {"angle": -22.5, "axis": "z", "origin": [17.39311, 7.22186, 14.12311]},
			"faces": {
				"north": {"uv": [1, 0, 2.4, 0.4], "texture": "#3"},
				"east": {"uv": [1, 0, 2.4, 0.4], "texture": "#3"},
				"south": {"uv": [1, 0, 2.4, 0.4], "texture": "#3"},
				"west": {"uv": [1, 0, 2.4, 0.4], "texture": "#3"},
				"up": {"uv": [1, 0, 2.4, 0.4], "rotation": 270, "texture": "#3"},
				"down": {"uv": [1, 0, 2.4, 0.4], "rotation": 90, "texture": "#3"}
			}
		},
		{
			"from": [8.6952, 1.91625, 10.79411],
			"to": [8.97411, 2.19516, 11.82557],
			"faces": {
				"north": {"uv": [1, 0, 2.4, 0.4], "texture": "#3"},
				"east": {"uv": [1, 0, 2.4, 0.4], "texture": "#3"},
				"south": {"uv": [1, 0, 2.4, 0.4], "texture": "#3"},
				"west": {"uv": [1, 0, 2.4, 0.4], "texture": "#3"},
				"up": {"uv": [1, 0, 2.4, 0.4], "rotation": 270, "texture": "#3"},
				"down": {"uv": [1, 0, 2.4, 0.4], "rotation": 90, "texture": "#3"}
			}
		},
		{
			"from": [8.38, 1.04, 10.98],
			"to": [9.22, 1.98, 11.82],
			"faces": {
				"north": {"uv": [1, 0, 2.4, 0.4], "texture": "#3"},
				"east": {"uv": [1, 0, 2.4, 0.4], "texture": "#4"},
				"south": {"uv": [1, 0, 2.4, 0.4], "texture": "#4"},
				"west": {"uv": [1, 0, 2.4, 0.4], "texture": "#4"},
				"up": {"uv": [1, 0, 2.4, 0.4], "rotation": 270, "texture": "#4"},
				"down": {"uv": [1, 0, 2.4, 0.4], "rotation": 90, "texture": "#4"}
			}
		},
		{
			"from": [0.70938, 5.6579, 10.13898],
			"to": [1.30138, 6.2499, 11.31898],
			"rotation": {"angle": 22.5, "axis": "z", "origin": [13.14138, 22.9591, 16.59898]},
			"faces": {
				"north": {"uv": [3, 3, 13.4, 12.4], "texture": "#2"},
				"east": {"uv": [3, 3, 13.4, 12.4], "texture": "#2"},
				"south": {"uv": [3, 3, 13.4, 12.4], "texture": "#2"},
				"west": {"uv": [3, 3, 13.4, 12.4], "texture": "#2"},
				"up": {"uv": [3, 3, 13.4, 12.4], "rotation": 270, "texture": "#2"},
				"down": {"uv": [3, 3, 13.4, 12.4], "rotation": 90, "texture": "#2"}
			}
		},
		{
			"from": [-7.82498, 5.66532, 10.1241],
			"to": [-7.23298, 6.25732, 11.3041],
			"rotation": {"angle": 45, "axis": "z", "origin": [4.60702, 22.96652, 16.5841]},
			"faces": {
				"north": {"uv": [3, 3, 13.4, 12.4], "texture": "#2"},
				"east": {"uv": [3, 3, 13.4, 12.4], "texture": "#2"},
				"south": {"uv": [3, 3, 13.4, 12.4], "texture": "#2"},
				"west": {"uv": [3, 3, 13.4, 12.4], "texture": "#2"},
				"up": {"uv": [3, 3, 13.4, 12.4], "rotation": 270, "texture": "#2"},
				"down": {"uv": [3, 3, 13.4, 12.4], "rotation": 90, "texture": "#2"}
			}
		},
		{
			"from": [13.42864, 7.27541, 10.11605],
			"to": [14.02064, 7.86741, 11.29605],
			"rotation": {"angle": -22.5, "axis": "z", "origin": [-3.28056, 19.70741, 16.57605]},
			"faces": {
				"north": {"uv": [3, 3, 13.4, 12.4], "texture": "#2"},
				"east": {"uv": [3, 3, 13.4, 12.4], "texture": "#2"},
				"south": {"uv": [3, 3, 13.4, 12.4], "texture": "#2"},
				"west": {"uv": [3, 3, 13.4, 12.4], "texture": "#2"},
				"up": {"uv": [3, 3, 13.4, 12.4], "rotation": 270, "texture": "#2"},
				"down": {"uv": [3, 3, 13.4, 12.4], "rotation": 90, "texture": "#2"}
			}
		},
		{
			"from": [7.38866, 1.24595, 10.11607],
			"to": [7.98066, 1.83795, 11.29607],
			"faces": {
				"north": {"uv": [3, 3, 13.4, 12.4], "texture": "#2"},
				"east": {"uv": [3, 3, 13.4, 12.4], "texture": "#2"},
				"south": {"uv": [3, 3, 13.4, 12.4], "texture": "#2"},
				"west": {"uv": [3, 3, 13.4, 12.4], "texture": "#2"},
				"up": {"uv": [3, 3, 13.4, 12.4], "rotation": 270, "texture": "#2"},
				"down": {"uv": [3, 3, 13.4, 12.4], "rotation": 90, "texture": "#2"}
			}
		},
		{
			"from": [4.13001, -6.64162, 10.11563],
			"to": [4.72201, -6.04962, 11.29563],
			"rotation": {"angle": 22.5, "axis": "z", "origin": [-12.57919, 5.79038, 16.57563]},
			"faces": {
				"north": {"uv": [3, 3, 13.4, 12.4], "texture": "#2"},
				"east": {"uv": [3, 3, 13.4, 12.4], "texture": "#2"},
				"south": {"uv": [3, 3, 13.4, 12.4], "texture": "#2"},
				"west": {"uv": [3, 3, 13.4, 12.4], "texture": "#2"},
				"up": {"uv": [3, 3, 13.4, 12.4], "rotation": 270, "texture": "#2"},
				"down": {"uv": [3, 3, 13.4, 12.4], "rotation": 90, "texture": "#2"}
			}
		},
		{
			"from": [4.13785, -15.17583, 10.1151],
			"to": [4.72985, -14.58383, 11.2951],
			"rotation": {"angle": 45, "axis": "z", "origin": [-12.57135, -2.74383, 16.5751]},
			"faces": {
				"north": {"uv": [3, 3, 13.4, 12.4], "texture": "#2"},
				"east": {"uv": [3, 3, 13.4, 12.4], "texture": "#2"},
				"south": {"uv": [3, 3, 13.4, 12.4], "texture": "#2"},
				"west": {"uv": [3, 3, 13.4, 12.4], "texture": "#2"},
				"up": {"uv": [3, 3, 13.4, 12.4], "rotation": 270, "texture": "#2"},
				"down": {"uv": [3, 3, 13.4, 12.4], "rotation": 90, "texture": "#2"}
			}
		},
		{
			"from": [2.52773, 6.07781, 10.13457],
			"to": [3.11973, 6.66981, 11.31457],
			"rotation": {"angle": -22.5, "axis": "z", "origin": [-9.31227, -10.63139, 16.59457]},
			"faces": {
				"north": {"uv": [3, 3, 13.4, 12.4], "texture": "#2"},
				"east": {"uv": [3, 3, 13.4, 12.4], "texture": "#2"},
				"south": {"uv": [3, 3, 13.4, 12.4], "texture": "#2"},
				"west": {"uv": [3, 3, 13.4, 12.4], "texture": "#2"},
				"up": {"uv": [3, 3, 13.4, 12.4], "rotation": 270, "texture": "#2"},
				"down": {"uv": [3, 3, 13.4, 12.4], "rotation": 90, "texture": "#2"}
			}
		},
		{
			"from": [8.56781, 0.04877, 10.13409],
			"to": [9.15981, 0.64077, 11.31409],
			"faces": {
				"north": {"uv": [3, 3, 13.4, 12.4], "texture": "#2"},
				"east": {"uv": [3, 3, 13.4, 12.4], "texture": "#2"},
				"south": {"uv": [3, 3, 13.4, 12.4], "texture": "#2"},
				"west": {"uv": [3, 3, 13.4, 12.4], "texture": "#2"},
				"up": {"uv": [3, 3, 13.4, 12.4], "rotation": 270, "texture": "#2"},
				"down": {"uv": [3, 3, 13.4, 12.4], "rotation": 90, "texture": "#2"}
			}
		},
		{
			"from": [16.44969, -3.22404, 10.15355],
			"to": [17.04169, -2.63204, 11.33355],
			"rotation": {"angle": 22.5, "axis": "z", "origin": [4.60969, -19.93324, 16.61355]},
			"faces": {
				"north": {"uv": [3, 3, 13.4, 12.4], "texture": "#2"},
				"east": {"uv": [3, 3, 13.4, 12.4], "texture": "#2"},
				"south": {"uv": [3, 3, 13.4, 12.4], "texture": "#2"},
				"west": {"uv": [3, 3, 13.4, 12.4], "texture": "#2"},
				"up": {"uv": [3, 3, 13.4, 12.4], "rotation": 270, "texture": "#2"},
				"down": {"uv": [3, 3, 13.4, 12.4], "rotation": 90, "texture": "#2"}
			}
		},
		{
			"from": [24.98406, -3.23146, 10.16843],
			"to": [25.57606, -2.63946, 11.34843],
			"rotation": {"angle": 45, "axis": "z", "origin": [13.14406, -19.94066, 16.62843]},
			"faces": {
				"north": {"uv": [3, 3, 13.4, 12.4], "texture": "#2"},
				"east": {"uv": [3, 3, 13.4, 12.4], "texture": "#2"},
				"south": {"uv": [3, 3, 13.4, 12.4], "texture": "#2"},
				"west": {"uv": [3, 3, 13.4, 12.4], "texture": "#2"},
				"up": {"uv": [3, 3, 13.4, 12.4], "rotation": 270, "texture": "#2"},
				"down": {"uv": [3, 3, 13.4, 12.4], "rotation": 90, "texture": "#2"}
			}
		},
		{
			"from": [3.73043, -4.84156, 10.17647],
			"to": [4.32243, -4.24956, 11.35647],
			"rotation": {"angle": -22.5, "axis": "z", "origin": [21.03163, -16.68156, 16.63647]},
			"faces": {
				"north": {"uv": [3, 3, 13.4, 12.4], "texture": "#2"},
				"east": {"uv": [3, 3, 13.4, 12.4], "texture": "#2"},
				"south": {"uv": [3, 3, 13.4, 12.4], "texture": "#2"},
				"west": {"uv": [3, 3, 13.4, 12.4], "texture": "#2"},
				"up": {"uv": [3, 3, 13.4, 12.4], "rotation": 270, "texture": "#2"},
				"down": {"uv": [3, 3, 13.4, 12.4], "rotation": 90, "texture": "#2"}
			}
		},
		{
			"from": [9.75989, 1.1995, 10.1754],
			"to": [10.35189, 1.7915, 11.3554],
			"faces": {
				"north": {"uv": [3, 3, 13.4, 12.4], "texture": "#2"},
				"east": {"uv": [3, 3, 13.4, 12.4], "texture": "#2"},
				"south": {"uv": [3, 3, 13.4, 12.4], "texture": "#2"},
				"west": {"uv": [3, 3, 13.4, 12.4], "texture": "#2"},
				"up": {"uv": [3, 3, 13.4, 12.4], "rotation": 270, "texture": "#2"},
				"down": {"uv": [3, 3, 13.4, 12.4], "rotation": 90, "texture": "#2"}
			}
		},
		{
			"from": [13.03273, 9.08138, 10.16732],
			"to": [13.62473, 9.67338, 11.34732],
			"rotation": {"angle": 22.5, "axis": "z", "origin": [30.33393, -2.75862, 16.62732]},
			"faces": {
				"north": {"uv": [3, 3, 13.4, 12.4], "texture": "#2"},
				"east": {"uv": [3, 3, 13.4, 12.4], "texture": "#2"},
				"south": {"uv": [3, 3, 13.4, 12.4], "texture": "#2"},
				"west": {"uv": [3, 3, 13.4, 12.4], "texture": "#2"},
				"up": {"uv": [3, 3, 13.4, 12.4], "rotation": 270, "texture": "#2"},
				"down": {"uv": [3, 3, 13.4, 12.4], "rotation": 90, "texture": "#2"}
			}
		},
		{
			"from": [13.04018, 17.61575, 10.15241],
			"to": [13.63218, 18.20775, 11.33241],
			"rotation": {"angle": 45, "axis": "z", "origin": [30.34138, 5.77575, 16.61241]},
			"faces": {
				"north": {"uv": [3, 3, 13.4, 12.4], "texture": "#2"},
				"east": {"uv": [3, 3, 13.4, 12.4], "texture": "#2"},
				"south": {"uv": [3, 3, 13.4, 12.4], "texture": "#2"},
				"west": {"uv": [3, 3, 13.4, 12.4], "texture": "#2"},
				"up": {"uv": [3, 3, 13.4, 12.4], "rotation": 270, "texture": "#2"},
				"down": {"uv": [3, 3, 13.4, 12.4], "rotation": 90, "texture": "#2"}
			}
		},
		{
			"from": [14.65029, -3.63788, 10.13295],
			"to": [15.24229, -3.04588, 11.31295],
			"rotation": {"angle": -22.5, "axis": "z", "origin": [27.08229, 13.66332, 16.59295]},
			"faces": {
				"north": {"uv": [3, 3, 13.4, 12.4], "texture": "#2"},
				"east": {"uv": [3, 3, 13.4, 12.4], "texture": "#2"},
				"south": {"uv": [3, 3, 13.4, 12.4], "texture": "#2"},
				"west": {"uv": [3, 3, 13.4, 12.4], "texture": "#2"},
				"up": {"uv": [3, 3, 13.4, 12.4], "rotation": 270, "texture": "#2"},
				"down": {"uv": [3, 3, 13.4, 12.4], "rotation": 90, "texture": "#2"}
			}
		},
		{
			"from": [8.62085, 2.40208, 10.11188],
			"to": [9.21285, 2.99408, 11.29188],
			"faces": {
				"north": {"uv": [3, 3, 13.4, 12.4], "texture": "#2"},
				"east": {"uv": [3, 3, 13.4, 12.4], "texture": "#2"},
				"south": {"uv": [3, 3, 13.4, 12.4], "texture": "#2"},
				"west": {"uv": [3, 3, 13.4, 12.4], "texture": "#2"},
				"up": {"uv": [3, 3, 13.4, 12.4], "rotation": 270, "texture": "#2"},
				"down": {"uv": [3, 3, 13.4, 12.4], "rotation": 90, "texture": "#2"}
			}
		}
	],
	"display": {
		"thirdperson_righthand": {
			"rotation": [67, 90, 0],
			"translation": [0, 6.25, 0]
		},
		"thirdperson_lefthand": {
			"rotation": [67, -90, 0],
			"translation": [0, 5.75, 0]
		},
		"firstperson_righthand": {
			"rotation": [0, 90, 0],
			"translation": [-3.25, 5, 0]
		},
		"firstperson_lefthand": {
			"rotation": [0, 90, 0],
			"translation": [-3.25, 5, 16]
		},
		"ground": {
			"translation": [0, 0.75, 0]
		},
		"gui": {
			"rotation": [0, 90, 0]
		},
		"head": {
			"rotation": [0, 90, 0],
			"translation": [0, 5.25, -14.75],
			"scale": [2.08, 2.08, 2.08]
		},
		"fixed": {
			"rotation": [0, 90, 0],
			"translation": [0, 0, -11.25],
			"scale": [1.46, 1.46, 1.46]
		}
	},
	"groups": [
		{
			"name": "headphones",
			"children": [
				{
					"name": "group",
					"children": [0, 1, 2, 3, 4, 5, 6, 7, 8, 9]
				},
				{
					"name": "cups",
					"children": [
						{
							"name": "r",
							"children": [
								{
									"name": "group",
									"children": [10, 11, 12, 13, 14, 15, 16, 17, 18, 19, 20, 21, 22, 23, 24, 25]
								},
								{
									"name": "1",
									"children": [26, 27, 28, 29, 30, 31, 32, 33, 34, 35, 36, 37, 38, 39, 40, 41]
								},
								{
									"name": "3",
									"children": [42, 43, 44, 45, 46, 47, 48, 49, 50, 51, 52, 53, 54, 55, 56, 57, 58]
								},
								{
									"name": "2",
									"children": [59, 60, 61, 62, 63, 64, 65, 66, 67, 68, 69, 70, 71, 72, 73, 74]
								},
								{
									"name": "4",
									"children": [75, 76, 77, 78, 79, 80, 81, 82, 83, 84, 85, 86, 87, 88, 89, 90, 91]
								}
							]
						},
						{
							"name": "l",
							"children": [92, 93, 94, 95, 96, 97, 98, 99, 100, 101, 102, 103, 104, 105, 106, 107]
						}
					]
				}
			]
		}
	]
}